10I_DALRD3___ENSG00000178149___ENST00000441576___protein_coding___protein_coding	3	49017869	49018022	-	10I	DALRD3	ENSG00000178149	ENST00000441576	protein_coding	protein_coding	.	.	.	0.04630718954	0.01238562092	0.01441830065	0.05386928105	GUGAGCGGGGCCGCGGGGCCGGAAUGGAGAAAGUGGGACUGCCGGGUACCUAGAAAGCGAGCGGCGCCGCCCGUGGGGACUGCGGCUGGAGGUGGGAAGUCGUGGCGAGCUGGACCAGGUGCUCAGACUGAGGCGGCCGCCCUCCCUUCGCAG	-60.1	71.2418300653595	153	YBX3	.	.	0	0	0	0	0	0	0	0	0	1	0	0	0	0	0	0	0	0	0	0	0	0	0	0	0	0	0	0	0	9	0	0	0	0	0	0	0	0	0	0	0	0	0	0	0	0	0	0	0	0	0	0	0	0	0	0	0	0	0	1	0	0	9	0	0	0	0	.
10I_MMS19___ENSG00000155229___ENST00000434538___protein_coding___protein_coding	10	97461896	97462016	-	10I	MMS19	ENSG00000155229	ENST00000434538	protein_coding	protein_coding	.	.	.	0.1242	0.1080666667	0.1937166667	0.07400833333	GUAACAGUCUUAGAACUUACAUCCUUCAAGCUGGUUUUUUUUUAGGGCUAAUCUGGAAUGGGUAGAGGGGCAGACAAGCUUAUUGCUGGCAGGCUUGAUCGGGCUCUCCUUCCUUUAUAG	-29.3	45	120	YBX3	.	.	0	0	0	0	0	0	0	0	0	0	0	1	0	0	0	0	0	0	0	0	0	0	0	0	0	0	0	1	0	0	0	0	0	0	0	0	0	0	0	0	0	1	0	0	0	4	0	0	0	0	0	0	0	0	0	0	0	0	0	1	0	0	1	0	5	0	0	.
10I_MYO19___ENSG00000278259___ENST00000614623___protein_coding___protein_coding	17	36507139	36507398	-	10I	MYO19	ENSG00000278259	ENST00000614623	protein_coding	protein_coding	.	.	.	0.07205019305	0.07404633205	0.110046332	0.02307722008	GUGGGGAGGUCAGCUAAUGAGCCGAGCACCAGAGUUGGCCUUUGGGUUUUCUGGGGCCUUGAUGAUUAUCCUGUUUCCUCUCUGUGCCUCUCUCCUCCCAGUCUGCCAAAUAGAUCUGCUAAUUGCUAUAUUUUUUCUGUUGGGGACACUAUGAUGCCUGUGUGAUGUCUGCUGUCAUGGGGUCCACAGGGUGGGGACAGUGAGGGUUGUGGUGAGACACUCUCAUGUUGGUGGCUGACCCCCUGUUCCCAUCCCACAG	-89.2	52.8957528957529	259	SF3B4,PABPN1,GRWD1,YBX3,BCLAF1	.	.	0	0	0	0	0	0	0	0	0	0	0	0	0	0	0	0	0	0	0	0	0	0	0	0	0	0	0	2	0	0	0	0	0	0	0	0	0	0	0	0	0	0	0	0	0	0	0	0	0	0	0	0	0	0	0	0	0	0	0	0	0	0	2	0	0	0	0	.
11I_ADGRL1___ENSG00000072071___ENST00000361434___protein_coding___protein_coding	19	14158052	14158337	-	11I	ADGRL1	ENSG00000072071	ENST00000361434	protein_coding	protein_coding	.	.	.	0.1223754386	0.04340701754	0.03940701754	0.03632982456	GUGAGCUGAGCCGUCCCCCUCCCUCCAUGGGGGUCCCUGUACCCUCUGUGUUCCCAGGCUGUGUACCUGCCCCUCCAUGUGCUCACCUCCAGAACAAGUUAUGGGUUCUUCCACUUUAGAGCUUGGGCCAUUUGUCCCCAGAGCUCUCAGAAUGUCAACUGGAGCCCCAGACCCCAGGCACUUCUUUGAUACUUGGUACCAUCCCUGUUGCCAGGUGUGGGGGGUCGGAAUGGGACUCCCCGGUUCUGACUCUAGUUAUGACACCCUGGUGCCACCACACAACAG	-96.8	57.5438596491228	285	YBX3	.	.	0	0	0	0	0	0	0	0	0	0	0	0	0	0	0	0	0	0	0	0	0	0	0	0	0	0	0	0	0	0	0	0	0	0	0	0	0	0	0	2	0	0	0	0	0	0	0	0	0	0	0	0	0	0	0	0	0	0	0	0	0	0	0	0	2	0	0	.
11I_TEAD4___ENSG00000197905___ENST00000358409___protein_coding___protein_coding	12	3040259	3040364	+	11I	TEAD4	ENSG00000197905	ENST00000358409	protein_coding	protein_coding	.	.	.	0.06628571429	0.04774285714	0.0464952381	0.1026095238	GUGUGCGGCGGGUGCUGCGGGUGUGGCUGGAGUCUGUGUGUGGGUAGCAGCCAUGGCAUGCCCCUUCUGGGGCCUUAUUAACCCUUGUCUUUUUCUCUCCCACAG	-34.7	60	105	YBX3,PRPF8	.	.	0	0	0	0	0	0	0	0	0	1	0	0	0	0	0	0	0	0	0	0	0	0	0	0	0	0	0	0	0	0	0	2	0	0	0	1	0	0	0	0	0	0	0	0	0	0	0	0	0	0	0	0	0	0	0	0	0	0	0	1	0	0	0	3	0	0	0	.
12I_PPP5C___ENSG00000011485___ENST00000012443___protein_coding___protein_coding	19	46390132	46390283	+	12I	PPP5C	ENSG00000011485	ENST00000012443	protein_coding	protein_coding	.	.	.	0.07786092715	0.07162251656	0.06953642384	0.06544370861	GUGAGUCACCCCUCAGGGCCCCUGCCCCUUCCAUCCCGGCCUGGGGACAAGGAGGCUGAGACCCUGGUAAGGGGCAGGGGUAGGUUCUGCCGGUGGGUGCUCAGGGGCUCUGUUCUGACUUCUGUCCAUCCCACCUGCCCUGGUCCCACAG	-72.5	66.2251655629139	151	YBX3	.	.	0	0	0	0	0	0	0	0	0	1	0	0	5	0	0	0	0	0	0	0	0	0	0	3	0	0	0	0	0	0	15	0	0	2	0	0	0	0	0	0	0	3	0	2	0	0	0	0	0	0	0	0	0	0	0	1	0	0	0	1	5	0	3	17	5	1	0	.
13I_HACL1___ENSG00000131373___ENST00000451445___protein_coding___protein_coding	3	15601194	15601382	-	13I	HACL1	ENSG00000131373	ENST00000451445	protein_coding	protein_coding	.	.	.	0.05092021277	0.1347234043	0.1106117021	0.04690425532	GUACGAUGGACCUUCCUGGAAUGAAAGGCUCCUACGGAAGCUGGCGGGGACCGCGAUGUUGUCUUGGAGACGAGUAGAAAUGGGCGAUGGGGGUCGGGGGGUUUUCCUUUUAGCGCCCGGGAGGGAGGGAAGGAUGUGGCGAUAUGGUGGGGCCUUGGGAGUUUACUCCCCUGUUCUUCGUUCCUCAG	-59	58.5106382978723	188	YBX3	.	.	0	0	0	0	0	0	0	0	0	0	0	0	0	0	0	0	0	0	0	0	0	0	0	0	0	0	0	0	0	0	0	0	0	0	0	0	0	0	0	0	0	0	0	2	0	0	0	0	0	0	0	0	0	0	0	0	0	0	0	0	0	0	0	0	2	0	0	.
14I_FLNB___ENSG00000136068___ENST00000429972___protein_coding___protein_coding	3	58109322	58109575	+	14I	FLNB	ENSG00000136068	ENST00000429972	protein_coding	protein_coding	.	.	.	0.04343873518	0.06994466403	0.06585770751	0.04738735178	GUAGGUUGUGAGGCAGAAUCCUGGCUGUUUUAUGGAAAUGCCUGGUCAUACACCAGGUCUGGGAUCCAUGCCUGACAGCCAAGGCAGACAUAUGGAAGGAACCCAUCCCUGGUGGGCCUUGAAUGAUGGAGGGGCCCGAAGGGCAGAGUGCUCCAGCCUGCUCAGAAGAACUAUUUCUAACAAUGUUUUUUAAUAGUAUUUUACUGGGUCCAAGUGGAGGAGAACUUGAUGACCUUCUCCAUGUCUUCUCUAG	-89.2	49.0118577075099	253	YBX3	.	.	0	0	0	0	0	0	0	2	0	0	0	0	3	5	0	0	0	0	0	0	0	0	0	0	0	0	0	2	0	0	0	0	0	0	0	0	0	0	0	1	0	0	0	2	0	0	0	0	0	0	0	0	0	0	0	0	2	0	0	0	8	0	2	0	3	0	0	.
14I_SEMA4B___ENSG00000185033___ENST00000332496___protein_coding___protein_coding	15	90227642	90227903	+	14I	SEMA4B	ENSG00000185033	ENST00000332496	protein_coding	protein_coding	.	.	.	0.01551724138	0.01245977011	0.01526436782	0.03309961686	GUGAGGUGCCCCCUCAAAAGGUGGAGGAGAGAGGUGGGGACAAGUGUGCUUGGAAGGCUCCCCCAGGCACAGAUGUUGUAAAUGCCUUUCCUCACUUCCUUGCCCCCUACCCCUGUAAGCAGGUCCCCAGGAAGACUCAGUCCCAGGGGUCCCCGGAGUUGCCCAUCGUGGCACCAGGGGCAUAGCCCAGAGGGAGGCAGGGGAGCUUGGAGCUACUGUGGACGCUGGCACCCCCCUACCCCAUGCCUUUUCUGCCUACAG	-103.7	61.6858237547893	261	YBX3	.	.	0	0	0	0	0	0	0	0	0	0	0	0	0	0	0	0	0	0	0	0	0	0	0	0	0	0	0	0	0	0	0	0	0	1	0	0	0	0	0	0	0	0	0	0	0	0	0	0	0	0	0	0	0	0	0	0	0	0	0	0	0	0	0	1	0	0	0	.
15I_ABCF1___ENSG00000204574___ENST00000326195___protein_coding___protein_coding	6	30585343	30585557	+	15I	ABCF1	ENSG00000204574	ENST00000326195	protein_coding	protein_coding	.	.	.	0.02852803738	0.07335046729	0.03582242991	0.04572429907	GUGCGUUACGGCCUUUGCAUCAUUGGUUCCCAUUCUGCACUUUCUUCCCCUUCCCUCCCUGCCCUGUUUUCCUUUAGCCCUUCUCCACUGUGCCUGUGAGUGGAGCUCUAUUCAGACCCCCCUUUCCCUCCCAGCCCCCGUUGUCUGCCUGCUUCCUCUGAAUUCUCUCUCACUUGACCACUGUGACACUUACACCCUGUUCUCUGAAACCCAG	-29.1	54.2056074766355	214	PCBP2,EFTUD2,SF3B4,YBX3	.	.	0	0	0	0	0	0	0	0	0	0	0	0	0	0	0	0	0	0	0	0	0	0	0	8	0	0	0	0	0	0	0	0	0	0	0	0	0	0	0	0	0	0	0	0	0	0	0	0	0	0	0	0	0	0	0	0	0	0	0	0	0	0	8	0	0	0	0	.
15I_ABHD14A-ACY1___ENSG00000114786___ENST00000463937___protein_coding___protein_coding	3	51988826	51988910	+	15I	ABHD14A-ACY1	ENSG00000114786	ENST00000463937	protein_coding	protein_coding	.	.	.	0.1491904762	0.1667619048	0.1016547619	0.108	GUGAGCCACUUGCAUAUAGUGCCUGGGCAGUGGACUGGGCCUGAGUGCUGGCUUUUCCCUAACGGCUCUUCCUCACCCCUGCAG	-23.7	59.5238095238095	84	YBX3	.	.	0	0	0	0	0	0	25	0	0	5	0	0	0	0	0	0	0	0	0	0	0	0	0	0	0	0	0	0	1	0	0	0	0	0	0	0	0	0	0	0	0	0	0	0	1	0	0	0	13	0	2	0	0	1	1	0	25	0	0	5	0	0	1	0	1	17	0	.
17I_PLOD3___ENSG00000106397___ENST00000223127___protein_coding___protein_coding	7	101216546	101216694	-	17I	PLOD3	ENSG00000106397	ENST00000223127	protein_coding	protein_coding	.	.	.	0.0587972973	0.03734459459	0.04444594595	0.06432432432	GUGAGGAGAGGGAAAGGCCCCUGGGAGGGGGUCCCAGCAGGAGGGGUGGGCUGAAGUCUGGAUGCCCAGGUCCCCACGGUAAGCCUGGUCAGGAGUUCCCCCCACAACUCCCCACCCCUUGCCUGGCACGGGGCAAUCUUCUCCACAG	-67.9	66.2162162162162	148	RPS3,DDX3X,YBX3	.	.	0	0	0	0	0	0	0	0	0	0	0	0	0	0	0	0	0	0	0	0	0	0	0	0	0	0	0	0	0	0	0	0	0	0	0	0	0	0	0	0	0	0	0	0	1	0	0	0	0	0	0	0	0	0	0	0	0	0	0	0	0	0	0	0	1	0	0	.
17I_XAB2___ENSG00000076924___ENST00000358368___protein_coding___protein_coding	19	7627851	7628149	-	17I	XAB2	ENSG00000076924	ENST00000358368	protein_coding	protein_coding	.	.	.	0.09989261745	0.1145033557	0.06920134228	0.02233892617	GUGGGAAUGGCUCCAGCUGCCCUGCCCACCAGCCCCCACCCCACCUGGUCCAGUUAUAACAAAACUGCCAAGUGGGUCCCGGGUCCCGGGUGAUUGCUUCGUGUUUCAUCACUGACCUGUACAUCCCUUGAUGGGUCAGCACACCUUCUCUGAUGUCCCAGUCUGUCCCUGUCAUUGCUGAGACAUGUCACCCCUCCCACACCCCUUCUUCCCACAUUUGCCAACUGGGGCAGGGCAAAUGGUUCUGGGGGUGUCCAUAAAGCUGACCGAUCAGCAUCUGUCCCCUCCUAUUCCCCAG	-100.8	57.3825503355705	298	AQR,YBX3	ALL_AGO|slc8513_chr19|45|10|26|0.38|COORDS=chr19-:7598704	.	0	0	0	0	0	0	0	0	0	0	0	0	0	0	0	0	0	0	0	0	0	0	0	0	0	0	0	0	0	0	0	0	0	0	0	0	0	0	0	0	0	0	0	0	0	0	1	1	11	0	0	0	1	0	0	0	0	0	0	0	0	0	0	0	0	14	0	.
18I_SUPT5H___ENSG00000196235___ENST00000599117___protein_coding___protein_coding	19	39470274	39470376	+	18I	SUPT5H	ENSG00000196235	ENST00000599117	protein_coding	protein_coding	.	.	.	0.07856862745	0.06997058824	0.1212352941	0.08067647059	GUAGGUGGAUAGAAGGGUCGGGGAAGGGUGCACGUGCCAAGAGGAGACCCAGGUAGGCGAGCCACCUGGACUGGGCCUCACCCCUUUCACCAUCCCUGGCAG	-35.5	63.7254901960784	102	PABPN1,YBX3	.	.	0	0	0	0	0	0	0	0	0	0	0	0	2	0	0	0	0	0	0	0	0	0	0	0	0	0	0	0	0	0	0	0	0	0	0	2	0	0	2	0	0	0	0	0	0	0	0	0	0	0	0	0	0	0	0	0	0	0	0	0	2	0	0	2	2	0	0	.
1I_CYTOR___ENSG00000222041___ENST00000642293___lincRNA___lincRNA	2	87455645	87455751	+	1I	CYTOR	ENSG00000222041	ENST00000642293	lincRNA	lincRNA	.	.	.	0.3060660377	0.2270471698	0.2049150943	0.1900377358	GUGAGUAUGUUUCUGUCAUUUUUAGGGUUGCUUCUGCAGUUUGCCUUGGAGUCUGGGCUGUGGGAAAGGCUGCUGCGUCCUGGUGAGGACACUGCGUUUCUUUCAG	-28.2	50.9433962264151	106	YBX3	.	.	0	0	0	0	0	0	0	1	0	0	0	0	0	0	0	0	0	0	0	0	0	0	0	0	0	0	0	0	0	0	0	0	0	0	0	4	0	0	0	0	0	0	0	0	0	0	0	0	0	0	0	0	0	0	0	0	1	0	0	0	0	0	0	4	0	0	0	.
1I_EEF1B2___ENSG00000114942___ENST00000236957___protein_coding___protein_coding	2	206159684	206159958	+	1I	EEF1B2	ENSG00000114942	ENST00000236957	protein_coding	protein_coding	.	.	.	0.1677810219	0.1983321168	0.2218576642	0.1603540146	GUACGAACUUAAGACAUGCCUAUUUUAUUAAUUUACUUCCAAACGCAACGAAAGGUCCAUGGACAAUUUGUGGGCCAUUUAAUUCAGGGCCCCCAAUUCGUACGUGGAGAAGUGGGAAUGCAAAAGUACUUUGACCUUUAACCUUCGGUCCGGCGCGGUGGAGGGAAACGCCUCCGUCUCUAUAUAAGGAAUUUUCCGGUCUCUUCGGGUCCUUUUUCCUCUCUUCAGCGUGGGGCGCCCACAAUUUGCGCGCUCUCUUUCUGCUGCUCCCCAG	-72.5	49.2700729927007	274	DDX3X,NCBP2,TROVE2,PABPC4,LARP4,YBX3	ALL_AGO|slc8325_chr2|41|3|8|0.38|COORDS=chr2+:206732661	CID_005921	0	0	0	8	0	0	1	0	0	0	0	0	1	0	0	0	0	0	0	0	0	0	0	0	2	0	0	0	0	0	0	0	0	0	3	0	0	0	1	0	0	0	0	0	0	0	0	0	0	0	0	0	0	0	0	0	1	8	0	0	1	0	2	3	1	0	0	.
1I_EEF1D___ENSG00000104529___ENST00000530109___protein_coding___protein_coding	8	143579830	143580011	-	1I	EEF1D	ENSG00000104529	ENST00000530109	protein_coding	protein_coding	.	.	.	0.05302209945	0.07035359116	0.04959116022	0.06051933702	GUGAGUGAGCCGGCCGGGGAGAGGAGGGGAGAGGAGACUGGGGACCCUGGCCCAUACCCUGCACUCCACCCCACGGCAGUGGGGAGCGAGUCCCAGAGUGAACCCCACCUCAGAGGAGGCUCCUGGCUCCGAGUGGGCUGUAGGGGAACAGCCCUGACCGUCACCCUCCGCCUCUCCUCAG	-79.1	68.5082872928177	181	METAP2,ZNF800,YBX3,SF3B4,PABPC4,LARP4	.	.	0	0	0	0	0	0	0	0	0	0	0	0	3	0	0	0	0	0	0	0	0	0	0	0	0	0	0	0	0	0	0	0	0	0	0	0	0	0	2	0	0	1	0	0	0	0	0	0	0	0	0	0	0	0	0	0	0	0	0	0	3	0	0	0	3	0	0	.
1I_KRTCAP2___ENSG00000163463___ENST00000295682___protein_coding___protein_coding	1	155169560	155169790	-	1I	KRTCAP2	ENSG00000163463	ENST00000295682	protein_coding	protein_coding	.	.	.	0.03677391304	0.1081347826	0.1776478261	0.06187391304	GUAUGUUCUUGACAGCUGGGUAAGGGGUGUAGCAUUCCGUUUUUUGGCAUUGGAUCUUACUGUGAUGGUGCCAGAGUUUUUCCUUCCACACCUACCUCUCUCUCUGUUCUCCCUCCCCGUUUUCCUAAACUUGAACUUGGAUUCUUUCCUUGAUGCUAGUGUCUUCCCUAGGAGGCACCAGGCUGGCAGAUGCCCACUGGUGCCAUGACCUUUCUGUCUUCACCAUAUAG	-63.2	48.695652173913	230	GRWD1,IGF2BP1,YBX3	.	.	0	0	0	0	0	0	0	0	0	0	0	0	0	0	0	0	0	0	0	0	0	0	0	0	0	0	0	0	0	0	0	0	4	0	0	0	0	0	0	0	0	0	0	0	1	0	0	0	0	0	0	0	0	0	0	0	0	0	0	0	0	0	0	4	1	0	0	.
1I_PDHB___ENSG00000168291___ENST00000383714___protein_coding___protein_coding	3	58428179	58428472	-	1I	PDHB	ENSG00000168291	ENST00000383714	protein_coding	protein_coding	.	.	.	0.1670580205	0.1863617747	0.2212150171	0.06850853242	GUAUUUCAAAGAAACUGGUUCUAGAAUACAGUCAAGCUAUAGUAAACAUCAUGUACCUGAAUACGUACAGGAUAAAGAGAUUGAAAGCUAGGAGUGGCCAAACGACUUCAACUUUAAACUUGUAAGUUUGGCAUUUCUCUUCAGGCAGAUAUUUUUAAAAGCAAAUCCAGAAAGCGGUUCCCCAUAAUUAGCAUUCCUUACAUUUUCUCUUCCUGGUCAGCCACACCUCUGUGCCAAGGUGGUAGUGCCCAGCUGGCAUUUGCACUCUCUCAGUUGAGCCUUCCUUCUCCUAG	-59.4	41.6382252559727	293	PPIG,YBX3	.	.	0	0	0	0	0	0	0	0	0	0	0	0	0	0	0	0	0	0	0	0	0	0	0	0	3	0	0	0	0	0	0	0	0	0	0	0	0	0	0	0	0	0	0	0	0	0	0	0	0	0	0	0	0	0	0	0	0	0	0	0	0	0	3	0	0	0	0	.
1I_PUF60___ENSG00000179950___ENST00000529999___protein_coding___protein_coding	8	143818075	143818192	-	1I	PUF60	ENSG00000179950	ENST00000529999	protein_coding	protein_coding	.	.	.	0.09182905983	0.08343589744	0.1094871795	0.1385213675	GUGAGGCAGGGAGCCAAGGCCUCGAUCCCGCAGGCGUGCAGGGCUGCCCCUCCACGGAAGCCUUUUGUGGCCGGGCCUGGGUUGACCGGUCUUUCCAUCUCACCGCCUCUUCCCCAG	-45.7	67.5213675213675	117	PPIG,YBX3,EFTUD2,PRPF8	.	.	0	0	0	0	0	0	2	4	0	14	0	0	11	0	0	0	0	1	4	4	0	1	1	2	0	0	5	2	11	2	18	15	16	7	4	5	25	10	15	16	2	14	2	10	0	5	0	0	0	1	0	0	0	1	0	11	6	0	0	14	11	10	23	100	64	13	2	.
1I_RAD23B___ENSG00000119318___ENST00000419616___protein_coding___protein_coding	9	107283309	107283526	+	1I	RAD23B	ENSG00000119318	ENST00000419616	protein_coding	protein_coding	.	.	.	0.7207327189	0.2619861751	0.388875576	0.4109354839	GUGAGCUAGCGGAUUCCCUGCUUGUCUCGCCGACCCCCUCGCGCCUUCUGCAGACUCCGUGGCUGGCGCUCGGCGCGUGAGGAAGCACGGCGGCCCGAGUUCGCGGGGAAGGCCGCAGUCGCGGAGGCAGCGGCGCGGUCCGGGGCACGGGCUGGGGGAGAGGCCGCUCCGCUGGGCGAAUGUGACAAGCCCCCACCCCCACCGCCUUCCUCCCCAG	-101.6	73.7327188940092	217	DDX3X,RPS3,YBX3	.	.	0	0	0	0	0	0	0	0	0	1	0	1	0	0	0	0	0	0	0	0	0	0	0	0	0	0	0	0	0	0	0	0	0	0	0	0	1	0	0	0	0	0	0	0	0	0	0	0	0	0	0	0	0	0	0	0	0	0	0	2	0	0	0	1	0	0	0	.
1I_RPL41___ENSG00000229117___ENST00000501597___protein_coding___protein_coding	12	56116659	56116774	+	1I	RPL41	ENSG00000229117	ENST00000501597	protein_coding	protein_coding	.	.	.	0.09154782609	0.05546956522	0.05475652174	0.2336782609	GUGAGUGUUUUUUGGUUCCUGCGUUGGGAUUCCGUGUACAAUCCAUAGACAUCUGACCUCGGCACUUAGCAUCAUCACAGCAAACUAACUGUAGCCUUUCUCUCUUUCCCUGUAG	-17.9	46.0869565217391	115	GEMIN5,PRPF8,DDX3X,AKAP1,LARP4,SUB1,YBX3,FTO,AQR,DDX55,PABPC4,GRWD1,EIF3G,RBM15	.	.	0	0	0	0	0	1	0	0	0	0	0	1	0	0	0	0	0	0	0	0	0	0	0	0	1	0	0	0	16	0	0	0	0	0	0	0	0	0	0	0	0	2	1	0	3	0	92	25	54	32	19	0	80	24	37	4	0	1	0	1	0	0	17	0	6	367	0	.
1I_RPS14___ENSG00000164587___ENST00000518139___protein_coding___lncRNA	5	150444353	150444478	-	1I	RPS14	ENSG00000164587	ENST00000518139	protein_coding	lncRNA	.	.	.	0.213584	0.087128	0.061744	0.10088	GUACUGGGGAGUCAUUUGGGGAGCAGCAGGAUCUGUUGCUGAUUGGUUAGGCCAUUGGUCUAGGGAGUCCUGGGGGCCCUUCCCAUCCAGCUCCAGGCAAUGACGCUUUCUCUUCCUCCCCACAG	-49	57.6	125	PCBP1,AQR,LARP4,YBX3,SF3B4	.	.	0	0	0	0	0	0	0	0	0	0	0	0	0	0	0	0	0	0	0	0	0	0	0	0	0	0	0	0	0	0	0	0	3	0	0	0	0	0	0	0	0	0	0	0	0	0	0	0	0	0	0	0	0	0	0	0	0	0	0	0	0	0	0	3	0	0	0	.
1I_RPS27A___ENSG00000143947___ENST00000272317___protein_coding___protein_coding	2	55232708	55232807	+	1I	RPS27A	ENSG00000143947	ENST00000272317	protein_coding	protein_coding	.	.	.	0.1291919192	0.07612121212	0.07827272727	0.1220909091	GUGGGUGUCUGCACUUCGGCUGCUCUCGGGUUAGCACCCUAUGGUGCCUUCUCUUGUGAUCCCUGACCUAACCUGUCUCUUCCUUUUCCUCAACCUCAG	-17.2	54.5454545454545	99	DDX3X,LARP4,PABPC4,RPS3,PRPF8,YBX3	.	CID_005656	0	0	0	0	0	0	0	0	0	0	0	0	0	0	0	0	0	0	0	0	0	0	0	0	0	6	4	0	0	0	0	0	0	0	0	0	0	0	0	0	0	0	1	0	0	0	4	3	17	0	0	0	43	0	3	15	0	0	0	0	0	0	10	0	1	85	0	.
1I_SFXN4___ENSG00000183605___ENST00000419372___protein_coding___protein_coding	10	119157733	119157870	-	1I	SFXN4	ENSG00000183605	ENST00000419372	protein_coding	protein_coding	.	.	.	0.08002919708	0.03508759124	0.02235036496	0.1293649635	GUGAGUAUUAUGAGACCCAGAGAGUGUGGGGUUUUGUGUUAUUCCUUUUGGAGUUUGUUGUAUGUGUUUGUUUUUAAAUUAUCUUUGCUGGAUAAAACUGUGAUAUUUGCUAAUUAAGUACUUUUGUUUCUCCUUAG	-23.6	32.8467153284672	137	YBX3,KHSRP	.	.	1	3	0	0	0	0	0	0	0	0	0	0	0	1	0	0	0	0	0	0	0	0	0	0	0	0	1	5	5	5	0	2	0	0	1	0	3	0	0	1	0	0	2	5	0	0	35	0	18	15	0	7	18	0	34	18	0	0	4	0	1	0	16	6	8	145	0	.
1I_SRRT___ENSG00000087087___ENST00000618262___protein_coding___protein_coding	7	100875328	100875572	+	1I	SRRT	ENSG00000087087	ENST00000618262	protein_coding	protein_coding	.	.	.	0.1826885246	0.05690983607	0.06035655738	0.1003483607	GUGGGGGAGGGGAGGAGCCUGGGGGGCCCCGCUGGGGCGGGAGAGGAACCGGGGUCCACGGGGGCGGGCGCGGAGAAACUCGGGGCGAGUGGAGGUGUUGGAGCCGCGUUCUCAGGCCUAGGAUGGUGGGGGCCGCGGAGGGCUGGCCUUGGCGGGAGGGAAGCGGGCGAGCUGCCCGCGAGGGACGGUCCCUUCCUCCGCUCGUCCUUUUGCACCACUCCUACCGCCUCUCCCCGGUCCCCAG	-133.5	74.1803278688525	244	YBX3,PRPF8,AQR	.	.	0	13	0	0	0	0	0	0	0	1	0	0	0	0	0	0	0	0	0	0	0	0	0	0	0	0	0	0	0	0	0	0	0	0	0	0	0	0	0	0	0	0	0	0	0	1	0	0	0	0	0	0	0	0	0	0	0	0	13	1	0	0	0	0	1	0	0	.
1I_TMEM147___ENSG00000105677___ENST00000222284___protein_coding___protein_coding	19	35545816	35545887	+	1I	TMEM147	ENSG00000105677	ENST00000222284	protein_coding	protein_coding	.	.	.	0.5272535211	0.7095492958	0.7037323944	0.5454225352	GUGAGUGCGGGAAGGGCGCGGGGCGGAGAGGGCGCGGGGCCCGGGCCGACCCUCACCUCCCGCUUCUCCAG	-38.2	78.8732394366197	71	PRPF8,YBX3	.	CID_005080	0	0	0	0	0	0	0	1	0	0	0	0	0	0	0	0	0	0	0	0	0	0	0	0	0	0	0	1	0	0	0	0	0	0	0	2	0	0	0	0	1	0	1	0	4	0	0	0	0	0	0	0	0	0	0	0	1	0	0	0	0	0	1	2	6	0	2	.
1I_UBC___ENSG00000150991___ENST00000541272___protein_coding___protein_coding	12	124913267	124913495	-	1I	UBC	ENSG00000150991	ENST00000541272	protein_coding	protein_coding	.	.	.	0.9979298246	0.6435087719	0.7084561404	0.888754386	GUCGAGCCCAGUGACACCAUCGAGAACGUCAAAGCAAAGAUCCAGGACAAGGAAGGCAUUCCUCCUGACCAGCAGAGGUUGAUCUUUGCCGGAAAGCAGCUGGAAGAUGGGCGCACCCUGUCUGACUACAACAUCCAGAAAGAGUCUACCCUGCACCUGGUGCUCCGUCUCAGAGGUGGGAUGCAGAUCUUCGUGAAGACCCUGACUGGUAAGACCAUCACCCUCGAG	-65.8	54.8245614035088	228	YBX3,G3BP1,METAP2,SND1,RBM15,RPS3,UCHL5,SRSF7	.	.	0	0	0	0	0	0	0	0	0	0	0	0	0	0	0	0	0	0	0	0	0	0	3	0	0	0	0	0	0	0	0	0	0	0	0	0	0	0	0	0	0	0	0	0	0	0	0	0	0	0	0	0	0	0	0	0	0	0	0	0	0	0	3	0	0	0	0	.
20I_EIF4G1___ENSG00000114867___ENST00000346169___protein_coding___protein_coding	3	184325639	184325850	+	20I	EIF4G1	ENSG00000114867	ENST00000346169	protein_coding	protein_coding	.	.	.	0.4296303318	0.4274170616	0.4645118483	0.3476919431	GUGAGUUCCAAGCUGGGAUUGAGAAGGGAGCAGUGAAGGGACCGGGAGGUUAUACUUUCCUCUGAUGACUUCCUGUUAGUGCCACGUGUCUGGGCCACUGAGACACCAUGAUGGAACUGAGGAUCUGAGGAAGGGAGGCUGGGGGUGGCCCAAGGGGAAGGGGCUGCUAGGAUUUAUUCAUUAUUCCAGUAUGCCCCUCUUUUUGUGUCAG	-72.3	53.0805687203791	211	AQR,AATF,NOLC1,SMNDC1,YBX3,PPIG,FMR1	.	CID_006972	0	0	0	0	0	0	0	0	0	0	0	0	0	0	0	0	0	0	0	0	0	0	0	0	0	0	0	0	0	0	0	0	0	0	0	0	0	0	1	0	0	0	0	0	0	0	0	0	0	0	0	0	0	0	0	0	0	0	0	0	0	0	0	0	1	0	0	SNORD66
28I_NOTCH1___ENSG00000148400___ENST00000277541___protein_coding___protein_coding	9	136518292	136518590	-	28I	NOTCH1	ENSG00000148400	ENST00000277541	protein_coding	protein_coding	.	.	.	0.05005369128	0.01324832215	0.0151442953	0.0348590604	GUGAGUGCCUUGAGGCCCAGGUGGGCGCAGGGGGCUCACAUGGGCCAGGCCUGAGCUGUGUGACCUCACCCAGGGACUGUGGCCCUCCUGCACCCAGGAUAACCUGAAAGGGCCUUUCUGGUCAGGGAGGCCGGUGGUCGCUGUGAGUCCCCCGGAACGUCCCAAGUGUCACGGGAUGCCCGACGGGGUCACGGCGGGCAGCUCCUCCUGGGGUGUCAGUGGGGUUGGACCCCAGCCGUGGGUGGUGUGCCAUGCCUGGCCCAGGGGCCGUGCCCACUGACCGCCGCUGCCUGCCCAG	-162.5	69.4630872483222	298	YBX3,AQR	.	.	0	0	0	0	0	0	0	0	0	1	0	0	0	0	0	0	0	0	0	0	0	0	0	0	0	0	0	0	0	0	0	0	0	0	0	0	0	0	3	0	0	0	0	0	0	0	0	0	0	0	0	0	0	0	0	0	0	0	0	1	0	0	0	0	3	0	0	.
2I_ATF7IP2___ENSG00000166669___ENST00000562527___protein_coding___protein_coding	16	10387290	10387377	+	2I	ATF7IP2	ENSG00000166669	ENST00000562527	protein_coding	protein_coding	.	.	.	0.004298850575	0.02866666667	0.01388505747	0.04134482759	GUAUGCCUUUCUUCUUAGCUCGUUUAUUCUGCAAUACGUUUGUAGAAGUGUUGACUCCGAUCUUAAUCAAAUUUACUUCACUCUCAG	-10.5	36.7816091954023	87	PRPF8,YBX3,TIA1,TIAL1,SF3B4,SMNDC1	.	.	0	0	0	0	0	0	0	0	0	0	0	0	0	0	0	0	0	0	0	0	0	0	0	0	0	0	0	0	0	0	0	0	0	0	0	0	0	0	0	4	0	0	0	0	0	0	0	0	0	0	0	0	0	0	0	0	0	0	0	0	0	0	0	0	4	0	0	.
2I_B2M___ENSG00000166710___ENST00000544417___protein_coding___protein_coding	15	44715458	44715512	+	2I	B2M	ENSG00000166710	ENST00000544417	protein_coding	protein_coding	.	.	.	0.3998333333	0.5494444444	0.776962963	0.5250185185	CAGAGAAUGGAAAGUCAAAUUUCCUGAAUUGCUAUGUGUCUGGGUUUCAUCCAU	-8.4	38.8888888888889	54	RPS3,DDX3X,SND1,YBX3	.	.	0	0	0	0	0	0	0	0	0	10	0	0	0	0	0	0	0	0	0	0	0	0	0	0	0	0	0	0	0	0	0	0	0	0	0	0	0	0	0	0	0	0	0	0	0	0	0	0	0	0	0	0	0	0	0	0	0	0	0	10	0	0	0	0	0	0	0	.
2I_CDK5___ENSG00000164885___ENST00000485972___protein_coding___protein_coding	7	151054292	151054404	-	2I	CDK5	ENSG00000164885	ENST00000485972	protein_coding	protein_coding	.	.	.	0.06209821429	0.1372946429	0.1584285714	0.07258035714	GUGUGAUGGGGAAUGUGGGGGUCAUGGUUCAUCAGGGUCACUCGUUUCACAUUCCUAGCGCCUCCAUCCCCCUCCCCCUACCUCUAGUCUGACCCUCCCUGCCUCUCCACAG	-27.3	58.9285714285714	112	YBX3	.	.	0	0	0	0	0	0	0	0	0	0	0	0	0	0	0	0	0	0	0	0	0	0	0	0	0	0	0	0	0	0	0	0	0	0	0	0	0	0	0	0	0	0	0	0	0	0	0	1	14	0	0	0	1	0	0	0	0	0	0	0	0	0	0	0	0	16	0	.
2I_CNBP___ENSG00000169714___ENST00000504813___protein_coding___protein_coding	3	129171277	129171445	-	2I	CNBP	ENSG00000169714	ENST00000504813	protein_coding	protein_coding	.	.	.	0.4829642857	0.4314642857	0.4962857143	0.3698035714	GUAAGUAUUUAACACUUCCUUUUCAUACCCCUCUAGAGCUUGGAGAGGUGAGCACAUGCAACUGUGUAUAGCAUUUCCACCUUUGAGGUUUUGUAUUGUAUAAUUUAAAACGUAACACUUUGUAAAGGUUUUAUAGUCUUGGCCUGUUUCUUUUCCUUAUUGUUGAAG	-26.8	35.7142857142857	168	ZNF800,GRWD1,G3BP1,RPS3,YBX3,AQR,LIN28B,KHSRP,RBM15	.	.	0	0	0	0	0	0	0	0	0	0	0	0	0	0	0	0	0	0	0	0	0	0	0	0	0	0	0	0	0	0	0	0	0	0	0	0	0	0	0	0	0	0	0	0	0	0	0	17	2	0	0	0	1	0	0	0	0	0	0	0	0	0	0	0	0	20	0	.
2I_PHF10___ENSG00000130024___ENST00000366780___protein_coding___protein_coding	6	169705321	169705615	-	2I	PHF10	ENSG00000130024	ENST00000366780	protein_coding	protein_coding	.	.	.	0.3929455782	0.1955340136	0.3397278912	0.1355068027	GUAAGUAUUGAAAUGUCUUUUUAAAAUUUUAACCACCGUAUUUAUUGGUUCAAAAACUAGAAUUUAUAGUUUCAGGCAGAUUUCAACCAAAGAGUCACCAAAUUAAAUACACAGGGUAGCUUGUGAGGCAUAGACACAGCCCAUGUGUUUUCCUCUACAUUGUAUAUUCAUUUCUCUUUGGCGAUUUGACAUUAUAGCCAUUCUCUGGAAGUCCUAAAGCAAACUAGUAUUUUAUGUGCCAUAUUAAGUUAAAAUUUCUUAUGUGAGAUACCACUAAUACUGGUUUUGAUUUAG	-55.9	32.312925170068	294	YBX3	.	.	0	0	0	0	0	0	0	0	0	0	0	0	0	0	0	0	0	0	0	0	0	0	0	0	0	0	0	1	0	0	0	0	0	0	0	0	0	0	0	0	0	3	0	0	0	0	0	0	0	0	0	0	0	0	0	0	0	0	0	0	0	0	1	0	3	0	0	.
2I_POP5___ENSG00000167272___ENST00000357500___protein_coding___protein_coding	12	120579597	120579773	-	2I	POP5	ENSG00000167272	ENST00000357500	protein_coding	protein_coding	.	.	.	0.2111534091	0.1242556818	0.09922727273	0.04446022727	GUAGGAGUGAGGUGGUAUGGCUACUGAUUUUCAAUUGGUGACACGUUCACAGUUCAGUCUAAACUGGUGGGUGGGUCUUGCUGCUGUCCCGCUAACAAGACACUUCCCCCUACCUCUGAAAGUCUGUAAGGUCGAGAUCUUUCACAAGCUGUUGACCACAGUAACUCAUAUGCCAG	-47.8	48.2954545454545	176	YBX3	.	.	1	0	0	0	0	0	1	0	0	2	0	0	0	0	0	1	1	0	0	1	0	0	0	0	0	4	0	0	0	4	0	0	0	0	0	0	0	0	0	0	3	0	0	0	0	0	0	0	0	0	4	0	0	0	0	0	1	0	1	2	0	3	8	0	3	4	0	.
2I_PPP1R14B___ENSG00000173457___ENST00000542235___protein_coding___protein_coding	11	64244962	64245203	-	2I	PPP1R14B	ENSG00000173457	ENST00000542235	protein_coding	protein_coding	.	.	.	0.06470124481	0.08505809129	0.0968879668	0.04224481328	GUGAGGGGGCUGGGGGGCGAUGGGUUGCCUGAGGCACUGCCCCGGGAAAGUGAGGCUGUGGAGCCAGGCCCUCAAGCCCCAGCUCCUGCCUCAACAGAAUGGGGCCAAUGCCUAGCUGUGAGGUUGUUGUGGCAUCUCCUGUGCCUCAGGGUGGCCCCAGUCUCUUGGAAGUGGGUAUAGGCGAGCUCCAGGCCCCCACUCCUGAGGACUCACUUAUCCUUCCUCCCCCAUCCUCUGCUAG	-112.8	63.0705394190871	241	GRWD1,AQR,YBX3,PRPF8,BUD13,PABPC4,LARP4,UCHL5	ALL_AGO|slc8920_chr11|56|3|7|0.43|COORDS=chr11-:63769236	.	0	0	0	0	0	0	0	0	0	4	0	0	5	0	0	0	0	0	0	0	0	0	0	0	0	0	0	2	0	0	0	0	1	0	12	5	0	5	0	1	0	0	0	1	0	0	27	0	15	0	0	0	1	0	1	0	0	0	0	4	5	0	2	23	2	44	0	.
2I_RPS19___ENSG00000105372___ENST00000598742___protein_coding___protein_coding	19	41860845	41861111	+	2I	RPS19	ENSG00000105372	ENST00000598742	protein_coding	protein_coding	.	.	.	0.05404135338	0.04996992481	0.04428947368	0.03989473684	GUGAGUUUGGGGACUGAGGUUCAAAACGGGUGGAGGCUGUCGCCUUGGCCUGCCCAUCUGAGCCCCAGUGUUUGCCGGUCCCUGGCAGGCGAGGCUUGUUUGGGGCCUCCGUGGCUCCUUUCAGCGUGAGGCCUGGCUUGUGUUCCGGUUCCAGCCUCUCUUUGUACUCUGGGCACAGCAUAGUUGUGUUGAGGGGAGGGCAUUUGGGAUAUGGGGUAGUUUGUGGAGAUGACUGAAUCGUGCUUUUCCCACUGUUUUGGUCUUAG	-103.1	56.7669172932331	266	SUB1,AQR,PRPF8,YBX3,PRPF4,GEMIN5,RPS3	.	.	1	0	0	0	0	0	0	0	0	0	0	0	0	0	0	0	0	0	0	0	0	0	0	0	0	5	0	0	0	0	0	0	0	0	0	0	0	0	0	0	0	0	0	0	0	0	0	0	0	0	0	0	0	0	0	0	0	0	1	0	0	0	5	0	0	0	0	.
2I_SEMA4C___ENSG00000168758___ENST00000305476___protein_coding___protein_coding	2	96861649	96861736	-	2I	SEMA4C	ENSG00000168758	ENST00000305476	protein_coding	protein_coding	.	.	.	0.03974712644	0.08579310345	0.08475862069	0.1058275862	GUGAGUUGGGCUCUACAUAGGCCAGGACCUCCAGGGACUCAGGGUGGUUGGAGCCAGGCUGCUGAUGUACCCUACAUCCCCUACCAG	-25.4	59.7701149425287	87	YBX3	.	.	0	0	0	0	0	0	0	0	0	0	0	0	0	0	0	0	0	0	0	0	0	0	0	0	0	0	0	0	0	0	0	0	0	0	0	0	0	0	0	0	0	0	0	0	0	0	0	0	0	1	12	0	0	0	0	0	0	0	0	0	0	0	0	0	0	13	0	.
2I_SMC1A___ENSG00000072501___ENST00000375340___protein_coding___protein_coding	X	53380730	53381017	-	2I	SMC1A	ENSG00000072501	ENST00000375340	protein_coding	protein_coding	.	.	.	0.4088013937	0.4352508711	0.5062473868	0.1893484321	GUGGGUGCAAAGAAAGUGGGGCCUGGGAGGGAUGCCCCCAGGUCGGGGUUGGGUUUCAGGGAGCAACUCCUGAGCGUGCCCUAGCCGUUCCUGCUGCCUGCUCUCUGUGCCUGGGAGGCUGGGCCCAGAGUCAUCCAUGCUGUGGUAGUCAGUAGUCUCCUCUCAACCUCUCUUUUCCCCACCUUCCUCUCCCUACCCUACCUCUUCUGCCUUCUGGUUGUGGCUGGAAAAUACUGGGGACUGUUAAGGUUUGAGCCUUGCUAAGUGCCUGGCGGCCUUUCCCACAG	-109.4	58.8850174216028	287	YBX3	.	.	1	0	0	0	0	0	0	1	0	1	0	0	0	12	0	0	0	0	0	0	0	0	0	0	0	0	1	0	2	0	1	0	0	3	0	0	0	0	0	0	2	0	0	5	0	2	0	0	0	0	0	0	6	0	0	0	1	0	1	1	12	0	3	4	9	6	0	.
2I_TOMM6___ENSG00000214736___ENST00000398881___protein_coding___protein_coding	6	41789336	41789567	+	2I	TOMM6	ENSG00000214736	ENST00000398881	protein_coding	protein_coding	.	.	.	0.07508658009	0.1968831169	0.1921601732	0.1579393939	GUAAGCACUGAACUACACCCAUGCGUGUCUUAGGAGACCUAGAGACUGGGUGAAGCAAUGUUUUCUGUCAAGUAUUCAUGAAAUGUACAAAAGAAUGUGAUGUAAAACCCUUAACUAUUCCUAGUUAAAUGUGUUUUCAGAUGUUGAAAGGGAUUUAAGUAUCUCUUACCAGUUUCCCUCCCAUACUUUUACAGUUCUAAUGCCACCUGUCGUCUUAUCAUCUGAUUGCAG	-46.1	38.5281385281385	231	LSM11,RPS3,AQR,KHSRP,BUD13,LARP4,YBX3,PCBP2,APOBEC3C,PABPC4	.	.	0	0	0	0	0	0	0	0	0	0	0	0	0	0	0	0	0	0	0	0	0	0	0	0	0	0	0	0	0	0	0	0	0	0	0	0	0	3	0	0	0	0	0	0	0	0	0	0	0	0	0	0	0	0	0	0	0	0	0	0	0	0	0	3	0	0	0	.
2I_ZFAND1___ENSG00000104231___ENST00000520076___protein_coding___protein_coding	8	81714895	81714986	-	2I	ZFAND1	ENSG00000104231	ENST00000520076	protein_coding	protein_coding	.	.	.	0.1658571429	0.04492307692	0.08496703297	0.1408681319	GUGAUUGAUCACUUAGGCUGUUCACACUUUGUAUAUCUGUUUAAGUGCUAUACAAACACAUGAACUAGUGUCACUCUUCUGUUGCUCAUAG	-15.7	37.3626373626374	91	PPIG,YBX3,BCLAF1,SUB1	.	.	0	0	0	0	0	0	0	0	0	0	0	0	0	0	0	0	0	0	0	0	0	0	0	0	0	0	0	0	0	0	0	0	0	0	0	0	0	0	0	0	0	0	0	0	0	0	0	0	0	0	0	35	0	1	0	0	0	0	0	0	0	0	0	0	0	36	0	.
3I_CLPTM1L___ENSG00000049656___ENST00000507807___protein_coding___protein_coding	5	1321679	1321763	-	3I	CLPTM1L	ENSG00000049656	ENST00000507807	protein_coding	protein_coding	.	.	.	0.09913095238	0.07894047619	0.08461904762	0.1418690476	GUAAGGCGGUGUGUGCUGCCCGCGGCCCGGCCCCCGUCUCCUGUGCUGCCCACAGCUGACCUGGGCCUGUCUCUCCUGUUUCAG	-31.3	69.0476190476191	84	EFTUD2,YBX3	.	.	0	0	0	0	0	0	0	0	0	0	1	0	5	0	0	0	0	0	0	0	0	0	0	0	0	0	0	0	3	0	0	0	0	0	1	0	0	0	0	0	1	0	0	1	0	0	0	0	0	0	0	0	0	0	0	0	0	0	0	1	5	0	3	1	2	0	0	.
3I_DDX39A___ENSG00000123136___ENST00000242776___protein_coding___protein_coding	19	14409447	14409535	-	3I	DDX39A	ENSG00000123136	ENST00000242776	protein_coding	protein_coding	.	.	.	0.1540227273	0.3602386364	0.5771931818	0.1140454545	GUGAGUGCGAGCCGCCCGCCAAGGCUGCAGGGAGCACCACCAGGAGCCCAGUGUCUGACGGCCUCCACUUGUUUCUCCUGCACCCCAG	-26.6	67.0454545454545	88	RBM15,YBX3	ALL_AGO|slc9441_chr19|47|1|5|0.20|COORDS=chr19-:14381220	.	0	0	1	0	0	1	1	1	0	9	0	1	6	9	0	0	1	7	1	0	1	0	11	14	8	15	6	8	0	14	13	7	2	6	6	7	4	1	0	1	6	2	2	4	1	1	0	0	0	0	0	0	0	0	0	0	2	1	1	10	15	10	76	46	17	0	0	.
3I_DHX37___ENSG00000150990___ENST00000544745___protein_coding___protein_coding	12	124950243	124950412	-	3I	DHX37	ENSG00000150990	ENST00000544745	protein_coding	protein_coding	.	.	.	0.05092899408	0.03689349112	0.04333136095	0.06693491124	GUGAGUUGGGGCAGUGUCCUGGGCAACCUGAGCCUCCUGCAGCCGUGGGCUUCUCGGACACACGGUCCUGUCCCCUGCCCCCGGACGUGUGUGUCUCGGGUGGGGCAGGGAUGGGACUCGGGAGGGCAGCUGCAGGAGGGUCCCUGUCUCACUGGCUCCCACCUUCUAG	-88.6	67.4556213017752	169	YBX3	.	.	0	0	0	0	0	0	0	0	0	0	0	0	0	0	0	0	0	0	0	0	0	0	0	0	0	0	0	1	4	1	0	0	0	0	11	1	3	0	0	0	0	0	0	0	0	0	0	0	0	0	0	0	0	0	0	0	0	0	0	0	0	0	6	15	0	0	0	.
3I_FADS2___ENSG00000134824___ENST00000257261___protein_coding___protein_coding	11	61840531	61840623	+	3I	FADS2	ENSG00000134824	ENST00000257261	protein_coding	protein_coding	.	.	.	0.2044021739	0.1555108696	0.1271847826	0.07685869565	GUGAGGCGUGACACCCUCACUUCCCCUAGCUGACAGAGGCCUGGUGCCUGUUUGCUGAGGCUGUGACAGCACGUGUGACCCUCUCUCCCCAG	-29	61.9565217391304	92	RPS3,YBX3	.	.	2	0	0	0	0	0	0	0	0	2	0	0	1	0	0	0	0	0	0	0	0	0	1	0	15	12	3	8	0	0	0	0	0	0	0	0	0	0	0	0	5	0	1	0	1	2	3	40	1	0	0	0	17	0	1	0	0	0	2	2	1	0	39	0	9	62	0	.
3I_FTH1___ENSG00000167996___ENST00000529548___protein_coding___protein_coding	11	61967371	61967457	-	3I	FTH1	ENSG00000167996	ENST00000529548	protein_coding	protein_coding	.	.	.	0.9178139535	0.8037209302	0.768	0.7177674419	GCCGCCGCCGCCGCCUCUCCUUAGUCGCCGCCAUGACGACCGCGUCCACCUCGCAGGUGCGCCAGAACUACCACCAGGACUCAGAG	-16	69.7674418604651	86	IGF2BP3,IGF2BP1,PUM1,YBX3,ZNF800,SERBP1,IGF2BP2	.	.	1	0	4	0	0	0	0	0	6	0	0	0	0	0	0	0	0	0	0	0	0	0	0	0	0	0	0	0	0	0	0	0	0	0	0	0	0	0	0	0	0	0	0	0	0	0	0	0	0	8	0	0	0	0	0	1	6	0	5	0	0	0	0	0	0	9	0	.
3I_HINT2___ENSG00000137133___ENST00000259667___protein_coding___protein_coding	9	35813549	35813643	-	3I	HINT2	ENSG00000137133	ENST00000259667	protein_coding	protein_coding	.	.	.	0.1794574468	0.4265744681	0.5017340426	0.2691702128	GUGGGGUGCUCUUAGGACCUAUCCCCUUAGGAAUGUUGUAGAUACCAUCCAACCUGUUGAAGUAACGUGGCCUCUGGCCUGUCACUUCCCCCAG	-26.1	53.1914893617021	94	YBX3	.	.	0	0	0	0	0	0	1	0	0	0	0	0	0	0	0	0	0	0	0	0	0	0	0	0	0	0	6	0	11	0	0	0	2	0	0	0	0	0	0	2	0	0	0	0	0	1	0	0	0	0	0	0	0	0	0	0	1	0	0	0	0	0	17	2	3	0	0	.
3I_LTBR___ENSG00000111321___ENST00000539925___protein_coding___protein_coding	12	6385147	6385226	+	3I	LTBR	ENSG00000111321	ENST00000539925	protein_coding	protein_coding	.	.	.	0.07763291139	0.05367088608	0.04620253165	0.1142278481	GUGAGUGGGGAUGUGCCUGCGGGGGGGCUGGAUCCCCUGGAGCUUGGCCCCUCCCUGAGCCCUCCCGUCUCCCCGCCAG	-37.6	73.4177215189873	79	YBX3,PPIG,GRWD1	.	.	0	0	0	0	0	0	0	0	0	0	0	0	0	0	0	1	0	0	0	0	0	0	1	0	0	0	0	0	0	0	0	3	0	0	1	4	0	0	0	0	0	0	0	0	0	0	0	0	0	0	0	0	0	0	0	0	0	0	0	0	0	1	1	8	0	0	0	.
3I_MRPL43___ENSG00000055950___ENST00000523148___protein_coding___protein_coding	10	100986975	100987089	-	3I	MRPL43	ENSG00000055950	ENST00000523148	protein_coding	protein_coding	.	.	.	0.1129912281	0.1060701754	0.1271666667	0.09936842105	GUGAGUGGGGCCGGGCUCGGGCUGGAGGGCGGGAUCAGGGGCUCGACCCGCUAUCCUCCUUCUCGCUUGGUCGCACCGGCCAGCUUCCACCCACUCUCACCCCUCUUCUGCCAG	-50.7	69.2982456140351	114	LIN28B,YBX3,AQR	.	.	0	0	0	0	0	0	0	0	0	0	0	0	0	0	0	0	0	0	0	0	0	0	0	0	0	0	0	0	0	0	0	0	0	0	0	0	0	0	0	0	0	0	0	0	0	0	3	0	0	0	0	0	0	0	0	0	0	0	0	0	0	0	0	0	0	3	0	.
3I_NELFE___ENSG00000204356___ENST00000375425___protein_coding___protein_coding	6	31954134	31954297	-	3I	NELFE	ENSG00000204356	ENST00000375425	protein_coding	protein_coding	.	.	.	0.1919263804	0.1414110429	0.1840368098	0.1497607362	GUAAGGAUGACAACAGGGCAUGAUGAGAAGUCCUGGGAGAAUCCUGGGGUGUGAGACCUGAGGGAAGAAGCUGCCCUCCCUGCAGCCGCCUAUUAUCACUGGGUUUGGUUGGGUCCAGAAGAGCCCCUUGGCUCUCCACUGACCGUGUUUUCUCUUAUCCCAG	-59.7	55.2147239263804	163	EFTUD2,YBX3	.	.	0	0	0	0	0	0	0	0	0	0	0	1	0	5	0	0	0	0	0	0	0	0	0	0	0	0	0	0	0	0	0	0	1	9	0	0	4	0	3	1	0	0	0	0	0	0	0	0	0	0	0	0	0	0	0	0	0	0	0	1	5	0	0	14	4	0	0	.
3I_PTOV1___ENSG00000104960___ENST00000594151___protein_coding___protein_coding	19	49854734	49854830	+	3I	PTOV1	ENSG00000104960	ENST00000594151	protein_coding	protein_coding	.	.	.	0.1198541667	0.08745833333	0.08594791667	0.1335104167	GUGAGUGCCGGGGCGUGGCAGCCAGGGCGGUGGCAGGGGCAGUGGCUGUGGCCGUGGGGAUCAGGGCAGCCCUUUCUGACCAGCUCCUUCCCAUAG	-38.3	69.7916666666667	96	METAP2,YBX3,EFTUD2,PPIG	.	.	0	0	0	0	0	0	0	0	0	0	0	0	0	0	0	0	0	0	0	0	0	0	0	0	0	0	0	0	0	0	0	0	0	0	0	0	1	2	0	0	0	0	0	0	0	0	0	0	0	0	0	0	0	0	0	0	0	0	0	0	0	0	0	3	0	0	0	.
3I_RPL8___ENSG00000161016___ENST00000533397___protein_coding___protein_coding	8	144791307	144791370	-	3I	RPL8	ENSG00000161016	ENST00000533397	protein_coding	protein_coding	.	.	.	0.9530952381	0.9589047619	0.8877301587	0.9512063492	GUUAUCUCCCACAACCCUGAGACCAAGAAGACCCGUGUGAAGCUGCCCUCCGGCUCCAAGAAG	-6.5	57.1428571428571	63	ZNF800,YBX3,METAP2,SERBP1	ALL_AGO|slc9422_chr8|55|2|6|0.33|COORDS=chr8-:145987546	.	0	0	0	0	0	0	0	0	0	0	0	0	0	0	0	0	0	0	0	0	0	0	0	0	0	0	0	0	0	0	0	0	0	0	0	0	0	0	0	0	0	0	0	0	0	0	0	0	0	0	0	0	0	0	0	0	0	0	0	0	0	0	0	0	0	0	1	.
3I_RPS23___ENSG00000186468___ENST00000510210___protein_coding___protein_coding	5	82276255	82276397	-	3I	RPS23	ENSG00000186468	ENST00000510210	protein_coding	protein_coding	.	.	.	0.2141971831	0.1159225352	0.1095774648	0.08634507042	GUGAGUAUUUCAACUCUAUCGUACCUUCUGUUCUUGGGGUGGCCUCCCUCACAUUUUUAUCUGAUGCAAGGGAGUUUCCUCACAUGAAAGUAUUUUUGUGAUCGCCACCAACACCAGAAAUAAACUUCUUAUUUUAUUCCAG	-33.3	40.1408450704225	142	RBM22,PRPF8,YBX3	.	.	0	0	0	0	0	0	0	0	0	0	0	0	0	0	0	0	0	0	0	0	0	0	0	0	0	0	0	0	0	0	0	0	0	0	0	0	0	0	0	0	0	0	0	0	0	0	4	22	30	12	19	39	54	1	10	2	0	0	0	0	0	0	0	0	0	193	0	.
3I_VPS51___ENSG00000149823___ENST00000279281___protein_coding___protein_coding	11	65107727	65107802	+	3I	VPS51	ENSG00000149823	ENST00000279281	protein_coding	protein_coding	.	.	.	0.2570666667	0.08454666667	0.1152533333	0.09797333333	GUGGGCGCUGCCGGGCAGGGCCUGCAGUGGGCCUUUCCUGGGGCUCUGGGGCUAACGUCACCCUCCGUCCCCCAG	-36.1	73.3333333333333	75	METAP2,SF3B4,YBX3	.	.	0	0	0	0	0	0	0	0	0	2	0	0	0	0	0	1	0	0	0	0	0	0	0	0	0	0	1	0	0	0	0	0	1	0	0	4	0	0	0	0	0	0	0	0	0	0	0	0	0	0	0	0	0	0	0	0	0	0	0	2	0	1	1	5	0	0	2	.
4I_AC026464.4___ENSG00000260914___ENST00000570054___protein_coding___protein_coding	16	69318711	69318822	+	4I	AC026464.4	ENSG00000260914	ENST00000570054	protein_coding	protein_coding	.	.	.	0.0739009009	0.09982882883	0.09063063063	0.06411711712	GUAAGUGGCUCGCGGCCCUGUGGCAGCGGCAGGGGAUGAGAGUGGGUCCGCUGCUGGGUUGGCUCAUGCCCCUUGGCCGGGCCCGGGCCCGGGCCGGCCUCCCUCUCGCAG	-54.6	74.7747747747748	111	PPIG,YBX3	.	.	0	0	0	0	0	1	0	0	0	0	0	0	0	0	0	0	0	0	0	0	0	0	0	0	0	0	0	0	0	0	0	2	0	0	0	0	0	0	1	4	0	0	0	0	0	0	0	0	0	0	0	0	0	0	0	0	0	1	0	0	0	0	0	2	5	0	0	.
4I_ATP5F1D___ENSG00000099624___ENST00000395633___protein_coding___protein_coding	19	1244440	1244736	+	4I	ATP5F1D	ENSG00000099624	ENST00000395633	protein_coding	protein_coding	.	.	.	0.01711824324	0.02771621622	0.05301013514	0.004297297297	GUGCGUACCCGGUGUCCCGAGGCCCGGCCAGGGGCUGGGCAGGGAUGCCAGGUGGGCCCAGCCAGCUCCUGGGGUCCCGGCCACCUGGGGAAGCCGCGCCUGCCAAGGAGGCCACCAGAGGGCAGUGCAGGCUUCUGCCUGGGCCCCAGGCCCUGCCUGUGUUGAAAGCUCUGGGGACUGGGCCAGGGAAGCUCCUCCUCAGCUUUGAGCUGUGGCUGCCACCCAUGGGGCUCUCCUUCCGCCUCUCAAGAUCCCCCCAGCCUGACGGGCCGCUUACCAUCCCCUCUGCCCUGCAG	-143	70.2702702702703	296	LARP4,PRPF8,AQR,UPF1,YBX3,METAP2	.	.	0	0	0	0	0	0	0	0	0	0	0	0	0	0	0	0	0	0	0	0	0	0	0	0	0	0	0	0	0	0	0	0	0	0	0	0	0	0	3	0	0	0	0	0	0	0	0	0	0	0	0	0	0	0	0	0	0	0	0	0	0	0	0	0	3	0	0	.
4I_HTRA2___ENSG00000115317___ENST00000258080___protein_coding___protein_coding	2	74531371	74531596	+	4I	HTRA2	ENSG00000115317	ENST00000258080	protein_coding	protein_coding	.	.	.	0.2878711111	0.5996977778	0.5058177778	0.2507022222	GUGAGUGAGACAUCCUUCCUUCCAAGAAUCCCUGCCCCAGGUCAGUGUGGGAAGGGUAGGUUUCCCCUAAUUCAAGGAUGUUUGGUCAAGUUUCUGAGCAGUUCUUUGUUGGCUAUCUCUCAAUAUCCAACCAGAUCUCCCCAACACUUGCUGGUACUUUUGUUCGGGUGCCCCCAUCCCCUACUAUUUGUUUAGGCUAGGGAACUGGGGGCUGUAUCCCUGCAG	-68.6	50.2222222222222	225	BUD13,AQR,U2AF2,PRPF8,YBX3	.	.	0	0	0	0	0	0	0	0	0	0	0	0	0	0	0	0	0	0	0	1	0	0	0	0	0	0	0	0	0	0	0	0	0	0	4	0	0	0	0	0	0	0	0	0	0	0	0	0	0	0	0	0	0	0	0	0	0	0	0	0	0	1	0	4	0	0	0	.
4I_HTRA2___ENSG00000115317___ENST00000484881___protein_coding___lncRNA	2	74531411	74531596	+	4I	HTRA2	ENSG00000115317	ENST00000484881	protein_coding	lncRNA	.	.	.	0.2123675676	0.5162810811	0.4001081081	0.232027027	GUCAGUGUGGGAAGGGUAGGUUUCCCCUAAUUCAAGGAUGUUUGGUCAAGUUUCUGAGCAGUUCUUUGUUGGCUAUCUCUCAAUAUCCAACCAGAUCUCCCCAACACUUGCUGGUACUUUUGUUCGGGUGCCCCCAUCCCCUACUAUUUGUUUAGGCUAGGGAACUGGGGGCUGUAUCCCUGCAG	-55.5	49.1891891891892	185	BUD13,AQR,PRPF8,YBX3	.	.	0	0	0	0	0	0	0	0	0	0	0	0	0	0	0	0	0	0	0	0	0	0	0	0	0	0	0	0	0	0	0	0	0	0	0	0	0	0	2	0	0	0	0	0	0	0	0	0	0	0	0	0	0	0	0	0	0	0	0	0	0	0	0	0	2	0	0	.
4I_PMM1___ENSG00000100417___ENST00000216259___protein_coding___protein_coding	22	41584058	41584280	-	4I	PMM1	ENSG00000100417	ENST00000216259	protein_coding	protein_coding	.	.	.	0.1654279279	0.08152702703	0.06612162162	0.05993693694	GUGAGGUCCCACCAGCCUGGUCUCCAGAACCUGGGGCCUGAGGGAGGAGAAGUGUGGGUCCCUCAGAGGGAACCUGGAGAUACUUGGGCCCCUGAUUUUUUGCGGGGAGUGUGGAUUCUUGUCCCCUUUGAAGUCCUAGGAGGCUGGGGUCCCAGGUGGGGCUAGAUUUGAAUUCAGGGCCGUUCUGGUUCUCUCUGGCUCCCCGCCCUCCCUCACCACCAG	-96.6	60.3603603603604	222	YBX3,PRPF8,AQR,PPIG	.	.	0	0	0	0	0	0	0	0	0	0	0	0	0	0	0	0	0	0	0	0	0	0	0	0	0	5	0	0	0	0	0	0	0	0	0	0	0	0	0	0	0	0	0	0	0	0	0	0	0	0	0	0	0	0	0	0	0	0	0	0	0	0	5	0	0	0	0	.
4I_PSMA3___ENSG00000100567___ENST00000216455___protein_coding___protein_coding	14	58257846	58257924	+	4I	PSMA3	ENSG00000100567	ENST00000216455	protein_coding	protein_coding	.	.	.	0.5082820513	0.2713717949	0.3123589744	0.1484358974	GUAAGUUGAUAACAUAUUGAGGAACCUUUUGGACAGUAAUAGAAGUUUAUUAAUAAGCUCUUCUGCUUCCCUCCAUAG	-11.6	34.6153846153846	78	YBX3,SF3B4,EFTUD2,BUD13	.	.	0	0	0	0	0	0	0	0	0	0	0	0	0	12	0	0	0	0	0	0	4	0	0	0	0	0	0	4	0	0	1	2	0	0	0	1	0	0	0	5	0	1	0	1	0	0	0	0	0	0	20	0	0	0	0	1	0	0	0	0	12	4	4	4	7	21	0	.
4I_RFXANK___ENSG00000064490___ENST00000303088___protein_coding___protein_coding	19	19197046	19197185	+	4I	RFXANK	ENSG00000064490	ENST00000303088	protein_coding	protein_coding	.	.	.	0.1782661871	0.2785323741	0.2385035971	0.1290431655	GUGAGUGGGCCCACGGUCCCCAACAAGGAGAGGAGUAGGAGGGUGGGAGGGCCUGUGAGGAGCAAUCGUGGACAGAGGGUAAACUGAGGCACAGAGAAGCAAGGGGAUGAGUGAGGACUCUGCCUCUGUCCUGCCCCAG	-45	61.1510791366906	139	YBX3	.	.	0	0	0	0	0	0	0	0	0	0	0	0	0	0	0	0	0	0	0	0	0	0	0	0	0	0	0	0	0	0	0	0	0	0	0	0	0	0	0	0	4	0	0	0	0	0	0	0	0	0	0	0	0	0	0	0	0	0	0	0	0	0	0	0	4	0	0	.
4I_RPL13___ENSG00000167526___ENST00000452368___protein_coding___protein_coding	16	89561598	89561739	+	4I	RPL13	ENSG00000167526	ENST00000452368	protein_coding	protein_coding	.	.	.	0.9855177305	0.6969148936	0.8516879433	0.9026950355	GUGGCCCGGACCAUCGGCAUUUCUGUGGAUCCGAGGAGGCGGAACAAGUCCACGGAGUCCCUGCAGGCCAACGUGCAGCGGCUGAAGGAGUACCGCUCCAAACUCAUCCUCUUCCCCAGGAAGCCCUCGGCCCCCAAGAAG	-51	63.1205673758865	141	AQR,METAP2,LIN28B,YBX3,RBM15,GEMIN5,PABPC4	.	.	0	0	0	0	0	0	0	6	5	1	0	0	0	0	0	0	0	2	0	0	0	1	0	0	0	0	0	0	0	0	0	0	0	0	0	0	0	0	0	0	0	0	0	0	0	0	0	0	0	0	0	0	0	0	0	0	11	0	0	1	0	3	0	0	0	0	0	.
4I_RPS8___ENSG00000142937___ENST00000396651___protein_coding___protein_coding	1	44777789	44777999	+	4I	RPS8	ENSG00000142937	ENST00000396651	protein_coding	protein_coding	.	.	.	0.3966142857	0.3727333333	0.3911952381	0.3084047619	GUGCGUGUUACUUCCCUGUAGGGGUUGUGGGGAGGGCAGCCUGACUCCAGCCUUCUCGUGAUGAAAACUCUGUCCAGUUCUGCUACUGAAGGGAGAGAGAUGAGAGCCUUUUAGGCUGAGGAAGGCCAGCACUGGGGUGUGCAGGGUUCGAGAAAGCUCCCAGGGCCUGCCUUCCUUCCCUGAGCUCAUAUAUUUGUAUCCCCUUUUCAG	-70.5	54.7619047619048	210	PUM1,YBX3,NOLC1,NIPBL,EFTUD2,SF3B4	.	.	0	0	0	0	0	0	0	0	0	1	0	0	0	0	0	0	0	0	0	0	0	0	0	0	0	0	4	0	0	0	0	1	0	0	0	0	0	0	0	0	0	3	0	0	0	10	0	0	0	0	0	5	0	0	0	0	0	0	0	1	0	0	4	1	13	5	0	SNORD38A
4I_SLC25A23___ENSG00000125648___ENST00000600682___protein_coding___protein_coding	19	6454475	6454558	-	4I	SLC25A23	ENSG00000125648	ENST00000600682	protein_coding	protein_coding	.	.	.	0.241313253	0.2526506024	0.115253012	0.2079156627	GUGAGGGGCUCUGGAGAGACCUGCCCCCUCCCCCAGGCCUGACACCUGGGAGGGGACCUCCAAGCUGUUGUCUCCCCAUUCAG	-30.9	66.2650602409639	83	YBX3	.	.	0	0	0	0	0	0	0	0	0	1	0	0	0	0	0	0	0	0	0	0	0	0	0	0	0	0	0	0	0	0	0	6	0	0	0	0	0	0	0	0	0	0	5	0	0	0	0	0	0	0	0	0	0	0	0	0	0	0	0	1	0	0	0	6	5	0	0	.
4I_TCF3___ENSG00000071564___ENST00000590684___protein_coding___protein_coding	19	1619234	1619315	-	4I	TCF3	ENSG00000071564	ENST00000590684	protein_coding	protein_coding	.	.	.	0.05432098765	0.007444444444	0.01332098765	0.08662962963	GUGAGCGCUGGGCGAGGGUGGAGCUGGGCAGUGGGCGGGGACCCGGCUCCCCCUGAUGCACCCGUCUCCCCACGCCUGCAG	-38.6	75.3086419753086	81	PRPF8,EFTUD2,SF3B4,YBX3,METAP2	.	.	0	0	0	0	0	0	0	0	0	0	0	0	0	0	0	0	0	0	0	0	0	0	0	0	1	0	0	0	0	0	0	0	0	0	0	0	0	0	0	0	2	2	0	0	0	0	0	0	0	0	0	0	0	0	0	0	0	0	0	0	0	0	1	0	4	0	0	.
4I_TMEM106C___ENSG00000134291___ENST00000256686___protein_coding___protein_coding	12	47965997	47966088	+	4I	TMEM106C	ENSG00000134291	ENST00000256686	protein_coding	protein_coding	.	.	.	0.04837362637	0.06191208791	0.04306593407	0.08220879121	GUAAGCCUUAGGGUUUCAUUCCCUGGGUUGUGCACCUGCCAGGCUGGGACCCAGGACACUUACACUUGUUUCCUGACUUGCCCUGAUGUAG	-28.8	53.8461538461538	91	YBX3,EFTUD2	.	.	0	0	0	0	0	0	0	0	0	0	0	0	0	0	0	0	0	0	0	0	0	0	0	0	0	0	0	0	0	0	0	0	0	0	0	0	0	0	0	0	0	0	0	0	0	3	0	0	0	0	0	0	0	0	0	0	0	0	0	0	0	0	0	0	3	0	0	.
4I_TUBB3___ENSG00000258947___ENST00000556536___protein_coding___lncRNA	16	89934575	89934728	+	4I	TUBB3	ENSG00000258947	ENST00000556536	protein_coding	lncRNA	.	.	.	0.04921568627	0.02299346405	0.01949673203	0.02194117647	GUAUGAGAAGGGGUGCUCAGUGGGGCCUACUUUACAGAAGACAGAACAGGCAUGGGGCUGCCACGGCUGCCCUUGGGAUGUUCAGGCAGGGGCUGGAGGUCUGGACUGCAGAGUCCCUGGCCCCUGUCUCUUACCCCUCUUCUCCCUGUACAG	-68.7	60.1307189542484	153	YBX3	.	.	0	0	0	0	0	0	0	0	0	0	0	0	0	0	0	0	0	0	0	0	0	0	0	0	0	0	0	0	0	0	0	0	0	0	0	0	0	0	0	0	0	0	0	0	0	0	0	10	0	0	0	0	0	0	0	0	0	0	0	0	0	0	0	0	0	10	0	.
5I_MAP2K7___ENSG00000076984___ENST00000397981___protein_coding___protein_coding	19	7910572	7910695	+	5I	MAP2K7	ENSG00000076984	ENST00000397981	protein_coding	protein_coding	.	.	.	0.07630081301	0.04569105691	0.05004878049	0.0873495935	GUGAGUACCUGGCCGCGCCCUGCAGCGUCUCCUCCUCCCUCACCCCUGCCCCUUCCUAGGGAGCAGAGCCUCUGGGGGGUGGGCCGGAAGACACAGCUCCCCCGGGUGCCCCUCUCCCUGCAG	-46.3	71.5447154471545	123	YBX3	.	.	0	0	0	0	0	0	0	0	0	0	1	0	0	0	0	0	0	0	0	0	0	0	0	0	0	0	0	0	0	0	0	0	0	0	0	0	5	0	0	0	0	0	0	0	0	0	0	0	0	0	0	0	0	0	0	0	0	0	0	1	0	0	0	5	0	0	0	.
5I_MLST8___ENSG00000167965___ENST00000562844___protein_coding___lncRNA	16	2207110	2207196	+	5I	MLST8	ENSG00000167965	ENST00000562844	protein_coding	lncRNA	.	.	.	0.2434534884	0.3069186047	0.3258255814	0.1431046512	GUGAGGGGUGCUCAUGGGGCCAGGCACCCUGGGACUUUGGAGGGCUGGGCUUGGGCCCUGCCUCACCACCCCUGCACCCCAGGCAG	-44.9	70.9302325581395	86	METAP2,YBX3	.	.	1	0	0	0	0	0	0	0	0	0	0	0	0	0	0	0	0	0	1	0	0	0	0	0	0	0	0	0	0	0	0	0	0	0	0	3	0	0	0	0	0	0	0	0	5	0	0	0	0	0	0	0	0	0	0	0	0	0	1	0	0	1	0	3	5	0	0	.
5I_NACA___ENSG00000196531___ENST00000550920___protein_coding___protein_coding	12	56714439	56714601	-	5I	NACA	ENSG00000196531	ENST00000550920	protein_coding	protein_coding	.	.	.	0.201462963	0.1155802469	0.1081296296	0.1441111111	GUGGGUAUUCUCUUACUAACUGGUAUUGGGUCAAAGAAGCAGGGUUGAUCAGGGCAACUUUUGUAUUUGGAACUGUGAACCUUCAUAAAGGAAAACCCACAAGGAGAUUGUGCUAUCCAGAUCUUAGAUUCUGGUUAACUAAUAGCUGUUUUAUCUUCUUAG	-40.8	38.8888888888889	162	ZNF800,SF3B4,KHSRP,YBX3,IGF2BP3,IGF2BP1	.	.	0	13	0	0	0	0	0	0	0	8	0	2	6	0	0	2	0	0	1	0	1	1	0	9	4	8	4	5	0	1	6	8	10	0	0	5	2	2	6	10	6	5	0	13	2	14	0	1	35	0	0	10	0	1	3	31	0	0	13	10	6	5	31	33	56	81	0	.
5I_PRKCSH___ENSG00000130175___ENST00000591462___protein_coding___protein_coding	19	11437971	11438066	+	5I	PRKCSH	ENSG00000130175	ENST00000591462	protein_coding	protein_coding	.	.	.	0.07802105263	0.06726315789	0.09071578947	0.09158947368	GUAAGUGAAGAUGCACCAGGAUUCUGGAAAGGUGGUAGAGGGAGGGAGGGAGGAGGCACUGCCAGGUCUGAUCUUGGCUUCUGCCUCUGCCACAG	-35.1	56.8421052631579	95	PUM2,YBX3	.	.	0	0	0	0	0	0	0	0	0	0	0	0	3	0	0	0	0	0	0	0	0	0	0	0	0	0	0	0	0	0	0	0	0	0	0	0	0	0	0	0	0	0	0	0	1	0	0	0	0	0	0	0	0	0	0	0	0	0	0	0	3	0	0	0	1	0	0	.
5I_RAB24___ENSG00000169228___ENST00000303270___protein_coding___protein_coding	5	177302644	177302751	-	5I	RAB24	ENSG00000169228	ENST00000303270	protein_coding	protein_coding	.	.	.	0.0728411215	0.1087196262	0.09414018692	0.1017757009	GUAAGGGGGGGGGGGGUUUGGGCUGUCUCACAAGAAAAGAUGGGUGCCAGGCUAGCCAGAGAACAGCCCUUGACCACUUGGUUGUCUCCUGCAUGCCGCACACCAAG	-32.9	58.8785046728972	107	YBX3	.	.	0	0	0	0	0	0	0	0	0	0	0	0	0	0	0	0	0	0	0	0	0	0	0	0	0	0	0	0	0	0	0	0	0	0	0	0	0	0	0	0	2	0	0	0	0	0	0	0	0	0	0	0	0	0	0	0	0	0	0	0	0	0	0	0	2	0	0	.
5I_RPUSD3___ENSG00000156990___ENST00000424438___protein_coding___protein_coding	3	9842082	9842198	-	5I	RPUSD3	ENSG00000156990	ENST00000424438	protein_coding	protein_coding	.	.	.	0.1042844828	0.04865517241	0.1007931034	0.05249137931	GUAUGGGCCGGGGAUGUGGGAAGGGAAUGCAGCGGAAGGGGGUUUCGUGACUGAGGGAGGGAAAAGUGAAGGCAUGAAGCUUUGGCCUCUUGUAAUUUUUCUUUCUUACUUUCCAG	-33.4	50.8620689655172	116	EFTUD2,YBX3	.	.	0	0	0	0	0	0	0	0	0	0	0	0	0	0	0	0	0	0	0	0	0	0	0	0	0	0	0	0	0	0	0	0	0	0	0	0	0	0	0	0	0	0	0	0	2	0	0	0	0	0	0	0	0	0	0	0	0	0	0	0	0	0	0	0	2	0	0	.
6I_GAS5___ENSG00000234741___ENST00000414075___lncRNA___lincRNA	1	173865894	173866176	-	6I	GAS5	ENSG00000234741	ENST00000414075	lncRNA	lincRNA	.	.	.	0.2641631206	0.2425070922	0.2272340426	0.1769751773	GUAAGUGAAACUGUAUCCAAGUAAGCAGGUAACUGGGCAAACUUCCUACGGCACAAAUGGCUUUUUAGUUACCUCCUAGUGCUGAAUGCAUUAAAUAAAUGGCGGAUUCUUGUCUUGUUAUGAUUAAUAAGAAAGUUUGUAAAUGCAGCCUGGAUGAUGAUAAGCAAAUGCUGACUGAACAUGAAGGUCUUAAUUAGCUCUAACUGACUAAAGGCAUUUGUUAGUUUUGGCAGGGGGUGAACACUCAUCUGUGGCUAUUCUAAGACCACUCUUAUUUCUUAG	-61.7	38.6524822695035	282	PRPF8,AQR,BUD13,EFTUD2,PPIG,SF3B4,YBX3,XRN2,WDR43,NOLC1,LARP7,AATF,NIP7,ZC3H8,DKC1,KHSRP,TIA1	.	.	0	0	0	0	0	0	0	0	0	0	0	0	0	0	0	0	0	0	0	0	1	0	0	0	0	3	0	0	0	0	0	0	0	0	0	0	0	0	0	0	0	0	0	0	0	0	0	0	0	0	0	0	0	0	0	0	0	0	0	0	0	1	3	0	0	0	0	.
7I_CDK16___ENSG00000102225___ENST00000457458___protein_coding___protein_coding	X	47225866	47225964	+	7I	CDK16	ENSG00000102225	ENST00000457458	protein_coding	protein_coding	.	.	.	0.2934387755	0.1446020408	0.2084387755	0.1370408163	GUAAGGUUGAGUGGCAGUAGGUCCCAGGGGGAGGUGAGGAGAAGGCCAGGAGCCAUAGGAAGUAACCCUCAUUCCUGUACCACCUCUUCUUUCCUCAG	-28.2	55.1020408163265	98	UCHL5,YBX3	.	.	0	0	1	0	0	0	0	0	0	0	0	0	0	0	0	0	0	0	0	0	0	0	0	0	0	0	0	0	1	0	0	0	0	0	0	0	0	2	0	0	1	2	0	5	0	4	0	0	0	0	1	1	0	1	0	23	0	0	1	0	0	0	1	2	12	26	0	.
7I_EIF2B4___ENSG00000115211___ENST00000405940___protein_coding___lncRNA	2	27368113	27368371	-	7I	EIF2B4	ENSG00000115211	ENST00000405940	protein_coding	lncRNA	.	.	.	0.3006395349	0.4214689922	0.5073023256	0.3611976744	GUAGGAUCCUAUGAAAUUGUCAUAACUUUUGAGUCUGAGGAGUUUUAGUAAGUCAGUAUUGAAAGUUUCUAGUAAUCUGAGAUGGACUCUGUAGGAAAAAGUAUGAACCCAAGGCAGAACUGUAGAGGAGUGGGGAAAUCUGCUAGUGAAGGGAGUUCCUUUUCAUCAGGGGCAGGUGGGCAGUAGAUGCUCAAGCUCCCUUUCAAAGUAUGUGACACCGCCAUCCCAUCAGCAUCCCAUCCUCUGUGAUCCACCCAG	-68	45.3488372093023	258	GRWD1,YBX3	.	.	0	0	0	0	0	0	0	0	0	0	0	0	0	0	0	0	0	0	0	0	0	0	0	0	0	0	0	0	0	0	0	0	4	0	0	0	0	0	0	0	0	0	0	0	0	0	0	0	0	0	0	0	0	0	0	0	0	0	0	0	0	0	0	4	0	0	0	.
7I_HTRA2___ENSG00000115317___ENST00000258080___protein_coding___protein_coding	2	74532714	74532819	+	7I	HTRA2	ENSG00000115317	ENST00000258080	protein_coding	protein_coding	.	.	.	0.07863809524	0.1023428571	0.1025142857	0.1155809524	GUGAGGGAGAGGCUGCAGUGUGAUAUGGGGAUGGGCAAGGUGUGCAUGUGUCCUUGAACUAGGCUUUGUACUCCUUCCUUUCUCUCUGUCCAUUUUUCUCUAUAG	-35.1	48.5714285714286	105	YBX3	.	.	0	0	0	0	0	0	0	0	0	1	0	0	0	7	0	0	0	0	0	0	0	0	0	0	0	0	0	0	0	0	0	0	0	0	2	0	0	0	1	0	1	0	3	0	0	0	0	0	0	0	0	0	0	0	0	0	0	0	0	1	7	0	0	2	5	0	0	.
7I_SLC38A5___ENSG00000017483___ENST00000619100___protein_coding___protein_coding	X	48462144	48462232	-	7I	SLC38A5	ENSG00000017483	ENST00000619100	protein_coding	protein_coding	.	.	.	0.1260454545	0.1865681818	0.1562272727	0.1324204545	GUGAGUCACAGAGAAGCGGGGAGAGAGUUUGGGACAUUGGGACAUAGCUUCCUCCAUGACCUGGCUUCCCUGCUGCCCCCAUCCUCAG	-25.6	57.9545454545455	88	YBX3	.	.	0	0	0	0	0	0	0	0	0	0	0	0	0	0	0	0	0	0	0	0	0	0	0	0	0	6	0	0	0	0	0	0	0	0	3	0	0	0	0	0	0	0	0	0	0	0	0	0	0	0	17	0	0	1	0	0	0	0	0	0	0	0	6	3	0	18	0	.
8I_CDK16___ENSG00000102225___ENST00000457458___protein_coding___protein_coding	X	47226027	47226278	+	8I	CDK16	ENSG00000102225	ENST00000457458	protein_coding	protein_coding	.	.	.	0.7371992032	0.7389322709	0.6901075697	0.2765458167	GUGGGUGUGGGGCAGGAAGCAGGGGCACAAGGGGGCCCCCACUCACCCACUCCAACCCACAAAUCUCCCAGAAACGGACUUUUCCCUUUGGCUUUUUUUGCUAGGAGCCCUUGGAGGGCACUGGGACCCUGUCCUCUUUUGUGUGACAAGGCUCUGGGCCUAGUGUCUGUGUUUGGGAGGGGAGCAGUGCCUGCUGGGGGUCGGGCUAGUGGAUAGUCUUUGACCUCUGCCUGCCAUUCCUGGGUCCCCAG	-106.1	59.7609561752988	251	PPIG,PRPF8,AQR,UCHL5,BUD13,DDX24,EFTUD2,ZNF622,SF3B4,SF3A3,PABPN1,YBX3	.	.	0	0	0	0	0	0	0	0	0	2	0	1	14	0	0	0	0	0	0	1	6	0	0	14	0	0	0	3	0	0	0	0	1	0	0	0	1	0	3	3	9	0	0	0	0	7	0	0	0	0	0	0	0	0	0	0	0	0	0	3	14	7	17	2	22	0	0	.
8I_MRPL4___ENSG00000105364___ENST00000592514___protein_coding___protein_coding	19	10258522	10258608	+	8I	MRPL4	ENSG00000105364	ENST00000592514	protein_coding	protein_coding	.	.	.	0.08851162791	0.05448837209	0.05790697674	0.1543488372	GUGAGGGCACAGGGCAGAGCAGGGGCAGGGGGCCCUGAGCUCCGUACUCUGAGGGUUCAACCCCCACUCCCUGGCCUCUCUUACAG	-39.9	66.2790697674419	86	YBX3,SF3B4,BUD13	.	.	0	0	0	0	0	0	0	0	0	0	0	0	0	0	0	0	0	0	0	0	0	0	0	0	0	0	0	0	0	0	0	0	8	0	0	3	0	5	2	0	2	0	0	2	6	0	0	0	0	0	0	0	0	0	0	0	0	0	0	0	0	0	0	16	12	0	0	.
8I_XPR1___ENSG00000143324___ENST00000367590___protein_coding___protein_coding	1	180824943	180825164	+	8I	XPR1	ENSG00000143324	ENST00000367590	protein_coding	protein_coding	.	.	.	0.3425837104	0.3066923077	0.3097104072	0.1311493213	GUAAUCAAAGCAAGACAUAACACCUCAUGAAUAUAGUUUGCAUUAGCUAUAUAGCUAUCUGGUUUAGUGGGUACUUAAAUCCAUCCUCUACUUGAAGAGGAUUAUUAGCUUAAUAACUAAUCAUGUUUCUUACUUUUGUUUUAUUAAAGAUAUUUUAAGUAAUGGUAAAAGUAAAAAUAACAAUUUUUCUCUAUCUUUCUGUCUUCCCCAUCCUUUACUAG	-34.6	28.9592760180995	221	YBX3	.	.	0	0	0	0	0	0	0	0	0	0	1	0	0	0	0	0	0	0	0	0	0	0	0	0	0	0	0	0	0	0	0	0	0	0	0	0	0	0	0	0	0	0	0	0	0	0	0	0	0	0	0	0	0	0	0	0	0	0	0	1	0	0	0	0	0	0	0	.
9I_ADRM1___ENSG00000130706___ENST00000491935___protein_coding___protein_coding	20	62308178	62308367	+	9I	ADRM1	ENSG00000130706	ENST00000491935	protein_coding	protein_coding	.	.	.	0.06064550265	0.05244973545	0.05544444444	0.03241269841	GUAGAGGCCGGGCCCAGGGUGUCCUCCACUGUGUGCUCAGGGAGUGGGCAGGGGGGAGGAGGAGGCCCUGCCCCACCUUCACCAUGGCCAGUGCUUCAUGUGCCUGACCCGCAGAGCUGGCAGCUGAGCAGUGUGGCUCUGGGGUGCAGCCCGGGUUGGAGCUCAGCCCUCGCCUGGCUCUUCUUGCAG	-91	67.7248677248677	189	PRPF8,AQR,SF3B4,YBX3	.	.	0	0	0	0	0	0	0	0	0	1	0	0	0	0	0	2	0	0	0	0	5	0	0	0	0	2	0	0	0	0	0	0	0	0	0	0	0	0	0	0	0	0	0	0	0	0	0	0	0	0	5	0	0	0	0	0	0	0	0	1	0	7	2	0	0	5	0	.
9I_ARFGAP2___ENSG00000149182___ENST00000525314___protein_coding___protein_coding	11	47176634	47176781	-	9I	ARFGAP2	ENSG00000149182	ENST00000525314	protein_coding	protein_coding	.	.	.	0.1647619048	0.2104353741	0.2244557823	0.08063945578	GUGCGUGAGCAGGGGGCGCGCGGAGUCUCUCGUCCCGCUGGGGCCUGAGGGAGGGAGAAGGGCGGAGGUGGGUUAUGUUUCUGGGGUGUCGGUGCCUGGCCUUUACUCGGGGCCCCUGACGAUUCGCUCAUCGCCGCCUCCACCCAG	-63.6	68.7074829931973	147	YBX3,AQR	.	.	0	0	0	0	0	0	0	0	0	1	0	0	0	0	0	0	0	0	0	0	7	0	0	0	0	0	0	0	0	0	0	0	0	0	0	4	0	0	0	0	5	0	0	0	0	0	0	0	0	0	0	0	0	0	0	0	0	0	0	1	0	7	0	4	5	0	0	.
9I_BRIX1___ENSG00000113460___ENST00000336767___protein_coding___protein_coding	5	34924975	34925225	+	9I	BRIX1	ENSG00000113460	ENST00000336767	protein_coding	protein_coding	.	.	.	0.123564	0.200676	0.182884	0.087104	GUAAGCGGUUGUGUCAUUCAGUAGUCUUCAAUGUACCAGAACCCUUUGGCCAAAAUGAUUCUGUGAAGUAAUUGCUGUUUUAUUACCUGUGAAACUGAAUUUGGUUUUUGCUGCAUAGAAACUUGGAAAUUACUCCCUUUUUUCAUGACACUGGCUGAAAGGAUAUAUGGUUCAUAACUGAAAGUCUUUGCCUUAUAUAAAAUGUUUAUUUUUAUUUCAAAAGCAUCUAAUCUUUUUUUUUUUUUUUUAG	-45.2	31.6	250	YBX3,AQR	ALL_AGO|slc968_chr5|43|6|16|0.38|COORDS=chr5+:34960800	.	0	0	0	0	0	0	0	0	0	0	0	0	0	0	0	0	0	0	0	0	0	0	0	0	0	0	0	0	0	0	0	0	0	0	0	0	0	0	0	0	0	0	0	0	0	0	0	0	0	0	5	0	0	0	0	0	0	0	0	0	0	0	0	0	0	5	0	.
9I_ERGIC3___ENSG00000125991___ENST00000348547___protein_coding___protein_coding	20	35556129	35556206	+	9I	ERGIC3	ENSG00000125991	ENST00000348547	protein_coding	protein_coding	.	.	.	0.2667532468	0.2801168831	0.3460649351	0.2916883117	GUACCAGCCCGGGAGGCAGCCCCCAGCCGCAGAAGGCCGGCCGGGCACCCAUACCCAGUGCUUUGUUUUCCCCUCAG	-24.7	68.8311688311688	77	METAP2,YBX3,PRPF8	.	.	0	0	0	0	0	0	0	0	0	0	0	0	0	0	0	0	0	0	0	0	0	0	0	0	0	0	0	0	0	0	0	0	0	0	0	0	0	0	0	0	0	0	0	0	0	0	56	3	0	0	0	0	2	0	28	0	0	0	0	0	0	0	0	0	0	89	0	.
9I_MAST1___ENSG00000105613___ENST00000591495___protein_coding___protein_coding	19	12852035	12852114	+	9I	MAST1	ENSG00000105613	ENST00000591495	protein_coding	protein_coding	.	.	.	0.2598101266	0.1072151899	0.1397721519	0.09724050633	GUGAGGGGGCUGGGCAUGGGUAGGGGUGGGUUGGUAGACCCUGGGAGCCUGUGGUGAGCCCACUCCUGCCCUGCCUCAG	-41	68.3544303797468	79	METAP2,YBX3,UCHL5	.	.	0	0	0	0	0	0	0	0	0	0	0	0	0	0	0	0	0	0	0	0	0	0	0	0	0	1	0	0	0	0	0	0	0	0	0	0	2	0	0	0	0	0	0	0	0	0	0	0	0	0	0	0	0	0	0	0	0	0	0	0	0	0	1	2	0	0	0	.
9I_TNPO2___ENSG00000105576___ENST00000450764___protein_coding___protein_coding	19	12705398	12705491	-	9I	TNPO2	ENSG00000105576	ENST00000450764	protein_coding	protein_coding	.	.	.	0.103516129	0.1270752688	0.1133333333	0.1262365591	GUGAGCAACCCUAGGCCCGUCACCUGUGCUUCUGCAUUGGCCUGCCUCGGGCCUGCUCCACUUACCCGUGCCCCUGUCGGCAUCUGUGUCUAG	-33.8	63.4408602150538	93	YBX3	.	CID_004883	0	0	0	0	0	0	0	0	0	0	0	0	0	0	0	0	0	0	0	0	0	0	0	0	0	0	0	0	0	0	0	0	0	0	0	0	0	0	0	0	0	0	0	0	0	0	0	0	0	0	6	0	0	1	0	0	0	0	0	0	0	0	0	0	0	7	0	.
9I_ZPR1___ENSG00000109917___ENST00000227322___protein_coding___protein_coding	11	116785636	116785795	-	9I	ZPR1	ENSG00000109917	ENST00000227322	protein_coding	protein_coding	.	.	.	0.08488050314	0.05802515723	0.07201886792	0.06540880503	GUGAGUAUUGAGAGGCUGGAGUUGCCCUUGAUUAGGGGAGGAGGGACCAUUAAGACUGCUGGGAUUUUCCACUGUGAUGCCUGCGUGGUCUGAUAGUAGGUGAUGUAGGAUUGUUUAUGAUUUUCUUUUGCAGUGACUCUCUCUUCUCCCAUUUGUUAG	-47	45.9119496855346	159	YBX3	.	.	0	0	0	0	0	0	0	0	0	0	1	0	0	0	0	0	0	0	0	0	0	0	0	0	0	0	0	0	0	0	0	0	0	0	0	0	0	0	4	0	0	0	0	0	0	0	0	0	0	0	0	0	0	0	0	0	0	0	0	1	0	0	0	0	4	0	0	.
