10I_LUC7L3___ENSG00000108848___ENST00000393227___protein_coding___protein_coding	17	50750641	50750746	+	10I	LUC7L3	ENSG00000108848	ENST00000393227	protein_coding	protein_coding	.	.	.	0.9998952381	1	1	0.9999904762	GUGACACUCAGUCCAAUUAAAACUGAUCUGAUAAGACCUCAGAUCAGACAGAGGUAAGUGUAUUGUUUCUCACUUUGAUUAGGGCUUUUUGUUACUGUUUGACAG	-28.2	38.0952380952381	105	FXR2,SDAD1,ZNF622,BCLAF1,UCHL5,ZNF800,TRA2A,SRSF7,SRSF1,PPIG,GRWD1,TIA1,U2AF1,TIAL1,AATF	.	.	0	0	0	0	0	0	0	0	0	0	0	0	0	0	0	0	0	0	0	0	0	0	0	0	0	0	0	0	0	7	0	0	0	0	0	0	0	0	0	0	0	0	0	0	0	0	0	0	0	0	0	0	0	0	0	0	0	0	0	0	0	0	7	0	0	0	0	.
10I_RPS6KA3___ENSG00000177189___ENST00000457145___protein_coding___protein_coding	X	20176352	20176433	-	10I	RPS6KA3	ENSG00000177189	ENST00000457145	protein_coding	protein_coding	.	.	.	0.7396419753	0.4563703704	0.4811481481	0.2268024691	GUAAGUAUAGAAUGAAAACUUGCUUGAAAUAUUUCUUUAUAAUUAAAAUAUGUCUAAGUCUCUUUUUUUUUUCCCCUCCAG	-5	25.9259259259259	81	BCLAF1,ZNF800	.	.	0	0	0	0	0	0	0	0	0	1	0	0	0	0	0	0	0	0	0	0	0	0	0	0	0	0	0	0	0	0	0	0	0	0	5	0	1	0	0	0	0	0	0	0	0	0	0	0	1	0	5	2	12	0	2	0	0	0	0	1	0	0	0	6	0	22	0	.
10I_XPO1___ENSG00000082898___ENST00000404992___protein_coding___protein_coding	2	61492198	61492324	-	10I	XPO1	ENSG00000082898	ENST00000404992	protein_coding	protein_coding	.	.	.	0.3324761905	0.2635873016	0.3899920635	0.1124047619	GUAAAUCUCUUUCUUUACUAUAUUUUGCUUUUAUUUUUAUUGAAGAAAAUAAAUGAAUGUUUUUGUCUUGUUAGAGACCCAUGAUGGAGUCCAGGACAAAAUAAAUGAAUAUUUUUGUCUUGUUAG	-20.5	26.1904761904762	126	DDX24,PRPF8,ZNF800	.	.	0	0	0	0	0	0	0	0	0	0	0	0	0	0	0	0	0	0	0	0	0	0	0	0	0	0	0	0	0	0	0	0	0	0	0	0	0	0	0	0	0	0	0	0	0	0	0	12	1	0	0	0	0	0	0	0	0	0	0	0	0	0	0	0	0	13	0	.
11I_SF3B2___ENSG00000087365___ENST00000528302___protein_coding___protein_coding	11	66059595	66059781	+	11I	SF3B2	ENSG00000087365	ENST00000528302	protein_coding	protein_coding	.	.	.	0.1248225806	0.09351075269	0.09528494624	0.08504301075	GUAAGACCUGAGAGGAUCCUGCAGGCCCUGGAGCCCAGCUGGGAGACCACCUGGGGAGCCAGGGAGGUGAAAAGGAGUUCUUUGAAGGAGGUGUGGGUGAUUUGGGUUUGGGUCCUUUGAGGAAGAAGAGCUUCAGAACUGAGAAGUCGGGGCUCUCGAGAACACGCAUUACUAUGUGUUUUCCAG	-68	54.3010752688172	186	FXR2,ZNF800,SDAD1,PPIG,BCLAF1,BUD13,UCHL5	.	.	0	0	0	0	0	0	0	0	0	0	0	0	0	0	0	0	0	0	0	0	0	0	0	1	0	0	0	0	0	0	0	0	0	0	0	0	0	0	0	0	0	0	0	0	0	0	0	0	0	0	0	0	0	0	0	0	0	0	0	0	0	0	1	0	0	0	0	.
12I_CIZ1___ENSG00000148337___ENST00000277465___protein_coding___protein_coding	9	128180523	128180720	-	12I	CIZ1	ENSG00000148337	ENST00000277465	protein_coding	protein_coding	.	.	.	0.07033502538	0.01862944162	0.02168527919	0.06008121827	GUGAGGGAGGGAGGCUGCUGGCCCUUCAGAGGGACAUGAAUGGGGUGGGGCCAGUGGGCGGGUCAGCAGGUGAUAGAGGCAGGUGUGGGAGGCAGGGGUUCUUGGUGGGAAGGCGGGGAGCCCAGGCCCCAUCUCUUGGAGGUCAGAGAUGCUUGCUCUUCCCAACAUGAGUUCCCUCGCUCAUGCCUCCAUUCCAG	-87.7	62.9441624365482	197	TRA2A,ZNF800,IGF2BP1,EFTUD2	.	.	0	0	0	0	0	0	0	0	0	0	0	0	0	0	0	0	0	0	0	0	0	0	0	0	0	0	0	0	0	0	0	0	0	0	0	0	0	0	0	1	0	0	0	3	0	0	0	0	0	0	0	0	0	0	0	0	0	0	0	0	0	0	0	0	4	0	0	.
12I_GNAS___ENSG00000087460___ENST00000313949___protein_coding___protein_coding	20	58910401	58910682	+	12I	GNAS	ENSG00000087460	ENST00000313949	protein_coding	protein_coding	.	.	.	0.03466903915	0.03151245552	0.039886121	0.03411032028	GUGAGUCGAGCCUGUCUUUAGUUUCCUCUCUUGUUCCUCCUCUUUUUCUCAUGGAUGUAAAUUUACUUAAUUCCAAAUUCAGGGGUUCAGCUACCCAGUUCCAUGGUUUUAGUUCACGCACAUCCAGUGUGGAUUUGAGCUCUUUGCGCCCCUCUUUUUGCUUUUGUUUUCAUAUGACAUCAGAGGCUGGCUGACAGCCGUCCCUGGUAGGUGUCCCCAUCAGGGAUAGGGUGGUUCCUGGCGAGGGUGUCACUGACAAGUCCCCUUGUUUGUGCCCGCAG	-81.9	49.1103202846975	281	AQR,SF3B4,RBM15,ZNF800	.	.	0	0	0	0	0	0	0	0	0	0	0	0	0	0	0	0	0	0	0	0	0	0	0	0	0	0	0	0	2	1	0	0	0	0	0	0	0	0	0	1	0	0	0	0	1	0	0	0	0	0	0	0	0	0	0	0	0	0	0	0	0	0	3	0	2	0	0	.
12I_HNRNPU___ENSG00000153187___ENST00000440865___protein_coding___protein_coding	1	244862534	244862618	-	12I	HNRNPU	ENSG00000153187	ENST00000440865	protein_coding	protein_coding	.	.	.	0.4555952381	0.3843214286	0.325547619	0.2322142857	GUAUAGGAUGCUCACCUAGUUUUACUCAUCCCUUAUUCGUUCGUUGAUCGGAAAGCUGUAUCAGGAGACAAUUCUGUCUUUCAG	-13.5	41.6666666666667	84	SDAD1,ZNF800,TRA2A,MTPAP,GRWD1,SF3B4,BUD13,TIA1,EFTUD2,PRPF8	.	.	0	0	0	0	0	0	0	0	0	1	0	0	0	0	0	0	0	0	0	0	0	0	0	0	0	0	0	0	0	0	0	0	1	0	0	0	1	0	0	0	1	0	1	0	0	0	0	0	0	0	0	0	0	0	0	0	0	0	0	1	0	0	0	2	2	0	0	.
12I_MCM7___ENSG00000166508___ENST00000354230___protein_coding___protein_coding	7	100099753	100100013	-	12I	MCM7	ENSG00000166508	ENST00000354230	protein_coding	protein_coding	.	.	.	0.05685	0.02255	0.02604230769	0.03488846154	GUAAGUCUAAGAUUGGGUAAAGGGAAUGGGGAGCGGGGUGCUUAAGGAGCCAUAAGCAGCAGCUUGGCUUGUUUUAUUAAAGACAUAACAAUUAGAGGGUUUGAGGGCUGAAAAGCGAGUAUCGCUCUGUGUGGCGCUGCGUUCUCCCCUGUGGAUGCCCAGAGCCUGUGCUGAGUUCUCAGUGAUGCAUUUUCACAUAUGAACACUGGUGAGCAAAGUGAAUGUGGCUCUGAGGUGUUUCUGUCUCUUCCCCACUUGAG	-88	48.8461538461538	260	ZNF800,U2AF1,LIN28B,UCHL5	.	.	0	0	0	0	1	0	0	1	0	0	0	0	0	0	0	0	0	0	0	0	0	0	1	0	0	0	0	0	0	0	0	0	0	0	0	2	0	0	0	3	0	4	0	1	6	0	0	0	0	0	0	0	0	0	0	0	1	1	0	0	0	0	1	2	14	0	0	.
13I_SLC38A2___ENSG00000134294___ENST00000256689___protein_coding___protein_coding	12	46370627	46370775	-	13I	SLC38A2	ENSG00000134294	ENST00000256689	protein_coding	protein_coding	.	.	.	0.8130540541	0.8730675676	0.8860878378	0.4967972973	GUAAGUUAAAAAUAGUAAUUUGUCUGUCAGUGGCUUUAUGGAGUAAAAGAAUAGUUUUACUUUUAGAAUUCAAAUCUAACUUGCCCAAAGCUGGUUUUCUCCAUUUAAUUAUUGUUAUAUGUUUGGUUAUCGUUUUCCCUCUAUGUAG	-19	29.7297297297297	148	ZNF800,U2AF2,RPS3,U2AF1,SDAD1,GPKOW,EIF3H,EFTUD2,SF3B4,RBM22,BCLAF1,BUD13,RBM15	.	.	0	0	0	0	0	0	0	0	0	0	0	0	0	0	0	0	0	0	0	0	0	0	0	0	0	0	0	0	0	0	0	0	0	0	0	0	0	0	0	0	0	0	0	0	0	0	3	0	2	0	0	0	1	0	20	1	0	0	0	0	0	0	0	0	0	27	0	.
14I_KPNA4___ENSG00000186432___ENST00000334256___protein_coding___protein_coding	3	160535690	160535807	-	14I	KPNA4	ENSG00000186432	ENST00000334256	protein_coding	protein_coding	.	.	.	0.5237948718	0.5338632479	0.4772649573	0.2076666667	GUAAGUCAUUGUUAUUGUUAUUCUGGUAACUUAAAAGUACGAGUGAAAGAUUUCACAUUAAUAAGAGAAUUUUAAGGUGACUUUUUAACUGAGUUUUCUCUUUAACUUUUUUCCCAG	-15.9	28.2051282051282	117	BCLAF1,PPIG,UCHL5,ZNF800,HLTF,PUM1	.	.	0	0	0	0	0	0	0	0	0	0	0	0	0	0	0	0	0	0	0	0	0	0	0	0	0	0	0	0	0	0	0	0	0	0	0	0	0	0	0	0	0	0	0	0	0	0	4	2	4	24	15	0	100	1	18	1	0	0	0	0	0	0	0	0	0	169	0	.
15I_LARS___ENSG00000133706___ENST00000510191___protein_coding___protein_coding	5	146144349	146144471	-	15I	LARS	ENSG00000133706	ENST00000510191	protein_coding	protein_coding	.	.	.	0.09386065574	0.2020081967	0.2039508197	0.0732295082	GUAAGAUGGGAGAAAGUGAUGAAGGAGGAAAAAGGAGAUGAAAAAUGUGGAAACAGUAAAGUUGAAAUGCAACAAAAAAAGUGAACCAGUAAAGAUACACUUUGUCUUUUGCUCUUUUCUAG	-16	34.4262295081967	122	ZNF800,PUM1,U2AF2,SRSF1,ZNF622,U2AF1,UCHL5,GRWD1,BCLAF1	.	.	0	0	0	0	1	0	0	0	0	0	0	0	0	0	0	0	0	0	0	0	0	0	0	0	0	0	0	0	0	0	0	0	0	0	0	0	0	0	0	0	0	0	0	0	0	0	0	0	0	0	0	0	0	0	0	0	0	1	0	0	0	0	0	0	0	0	0	.
16I_EWSR1___ENSG00000182944___ENST00000332050___protein_coding___protein_coding	22	29299851	29300121	+	16I	EWSR1	ENSG00000182944	ENST00000332050	protein_coding	protein_coding	.	.	.	0.08225185185	0.0554962963	0.06004814815	0.06988148148	GUAAGUGCUGGUGAAAAGCAGCUGUGGGCCGCCAGGCACAGUAAGAGGACAGCCCUUCCCAGCUUGGUUGGCGCAAGUCCUCAUGUCUCUAGGAAGCUUGUGAUAGUGGUUGGGAGGAGCCAGGAAGGGGCACCUGGGGGCUCUGGAAGGGCUUCCUCACCCCUUCCCAUUCUAACCGAUUGGGAGGAGCCAGGAAGGGGCACCUGGGGGCUCUGGAAGGGCUUCCUCACCCCUUCCCAUUCUAACCGAAGGGCCCUCUUUACCUUGCAG	-120	59.6296296296296	270	G3BP1,FXR2,ZNF800,DDX24,PUM1,SRSF1,PABPN1,TRA2A,LSM11,GRWD1,ZNF622	.	.	0	0	0	0	0	0	0	0	0	0	0	0	0	0	0	0	0	0	0	0	0	0	0	0	0	0	0	0	0	0	0	0	0	0	0	0	0	0	0	0	0	0	0	2	0	0	0	0	0	0	0	0	0	0	0	0	0	0	0	0	0	0	0	0	2	0	0	.
17I_DOT1L___ENSG00000104885___ENST00000398665___protein_coding___protein_coding	19	2213640	2213848	+	17I	DOT1L	ENSG00000104885	ENST00000398665	protein_coding	protein_coding	.	.	.	0.05209134615	0.03439423077	0.03609134615	0.03454326923	GUAGUGGACCCCAGAGGGCAGGUGGCAGGUGGCAGCUGGGGCGCAGGCUGGGGUGGUCCAUGUCCGUCGGUAUGGCUUCCUGUGGCUUCCUGUCUAUGCCUCUGUCCAGCUGUGUCCCAGGGGCUGGGCUGCAGGGGUGGUCAUGCCUGGGGGCUUACUUCACCUUGGAGGCCACCAGCAUGACCUCUCCCCCGCCCCAUGUCCCCAG	-100.3	66.3461538461538	208	ZNF800,DDX24	.	.	0	0	0	0	0	0	0	0	0	0	0	0	0	0	0	0	0	0	0	0	0	0	0	0	0	0	0	0	0	0	0	0	0	0	0	0	0	0	0	0	0	0	1	0	0	0	0	0	0	0	0	0	0	0	0	0	0	0	0	0	0	0	0	0	1	0	0	.
17I_SF3B2___ENSG00000087365___ENST00000528302___protein_coding___protein_coding	11	66063542	66063627	+	17I	SF3B2	ENSG00000087365	ENST00000528302	protein_coding	protein_coding	.	.	.	0.08954117647	0.07862352941	0.1178470588	0.1055882353	GUGGGGGAAGCAGAGAAUGCCUCUUGGAAGUGGGCUAUCUUUGGGGUCCUUCUCUUUACUCCAGAGCUUGUUCCUCUCUUUACAG	-21.9	50.5882352941176	85	TRA2A,BCLAF1,ZNF800,PPIG,DDX24,SRSF1,UCHL5,FXR2,SF3B4	.	.	0	0	0	0	0	0	0	0	0	0	0	0	0	0	0	0	0	0	0	0	0	0	0	0	0	0	0	0	0	0	0	0	0	0	0	0	0	0	0	0	0	0	0	0	0	0	0	0	0	0	0	0	0	0	0	11	0	0	0	0	0	0	0	0	0	11	0	.
18I_DHX16___ENSG00000204560___ENST00000376442___protein_coding___protein_coding	6	30670952	30671035	-	18I	DHX16	ENSG00000204560	ENST00000376442	protein_coding	protein_coding	.	.	.	0.1415180723	0.1666987952	0.1837590361	0.1019759036	GUAAGUCAGAAGCAGGGUGAGAGAGGAUGGGGCAGGCUGAAGUGUUCUCUAUGCCCUUAUUUAAUCCCCUGGAUGGGCUGCAG	-27.3	53.0120481927711	83	SRSF1,BCLAF1,UCHL5,ZNF800,TRA2A	.	.	0	0	0	0	0	0	2	0	1	1	0	1	0	0	0	0	0	0	0	0	0	0	0	0	0	0	0	0	0	0	6	4	0	0	0	0	3	0	0	0	0	1	0	0	0	0	0	0	0	0	0	0	0	0	0	0	3	0	0	2	0	0	0	13	1	0	0	.
1I_ATP5PD___ENSG00000167863___ENST00000344546___protein_coding___protein_coding	17	75039063	75039208	-	1I	ATP5PD	ENSG00000167863	ENST00000344546	protein_coding	protein_coding	.	.	.	0.1578068966	0.04386206897	0.1050965517	0.09622758621	GUAAGGAUGAUGGGUAGCCGUUGCCUAUAAUAUGGGUUCUCUCUUUCAUGACCACACAUCUUUCACCUGGUGGCAGGAACCUGCCUUGGAUAUUCUGCUUUCCGUCUCUGUUUACAUUAACUAAACACAUUCCCCCUCUUUCCAG	-28.3	45.5172413793103	145	PUM1,ZNF800,GRWD1,UCHL5	.	.	0	0	0	0	0	0	0	0	0	0	0	0	0	0	0	0	0	0	0	0	0	0	0	0	0	0	0	0	0	0	0	0	0	0	0	0	0	0	0	0	0	0	0	1	0	0	0	0	0	0	0	0	0	0	0	0	0	0	0	0	0	0	0	0	1	0	0	.
1I_C1orf35___ENSG00000143793___ENST00000272139___protein_coding___protein_coding	1	228101254	228101338	-	1I	C1orf35	ENSG00000143793	ENST00000272139	protein_coding	protein_coding	.	.	.	0.003571428571	0.005285714286	0.04405952381	0.05528571429	GUAUGCCCUGGUCCAUAUCUGCCUCUUGGGGGUGGGGGCCUGGUUGACUCCUUCCGAGUGACUGACUGCCAUUGGUCUCCCCAG	-24.9	60.7142857142857	84	PRPF8,UCHL5,ZNF800	.	.	0	0	0	0	0	0	0	0	0	0	0	0	0	0	0	0	0	0	0	0	0	0	0	0	0	0	0	0	0	0	2	0	0	0	0	0	0	0	1	0	0	2	0	0	0	0	0	0	0	0	0	0	0	0	0	0	0	0	0	0	0	0	0	2	3	0	0	.
1I_DDX39B___ENSG00000198563___ENST00000417023___protein_coding___protein_coding	6	31530926	31531052	-	1I	DDX39B	ENSG00000198563	ENST00000417023	protein_coding	protein_coding	.	.	.	0.1475714286	0.1393492063	0.1491111111	0.06415873016	GUAAACCUCACAGGCUGAAAAAAUCCCACUCUCCCAUUCCCUUGUUUUCUGUUUGUACAUCUUCAUUCCUGCCUCUGGGUCUCUUUCCUCUUCGGUCUUCCAGUGCUACCCUCUGUCUCCCUCCAG	-12.5	49.2063492063492	126	ZNF800,SF3B4,AQR,SF3A3,BCLAF1,PABPN1,GRWD1	.	.	0	0	0	0	0	0	0	0	0	0	0	0	0	0	0	0	0	0	0	0	0	0	0	0	0	0	1	0	0	0	0	0	0	0	0	0	0	0	0	0	0	0	0	0	0	0	0	0	0	0	0	0	0	0	0	0	0	0	0	0	0	0	1	0	0	0	0	.
1I_DDX39B___ENSG00000198563___ENST00000478365___protein_coding___lncRNA	6	31531178	31531295	-	1I	DDX39B	ENSG00000198563	ENST00000478365	protein_coding	lncRNA	.	.	.	0.325034188	0.3917179487	0.3782991453	0.2938803419	GUGAGCUGAAGAUGGGAAAGAUAUUUUGUGUCCUUGGGAGAAAAAGACAGUUGAGAGAAGGGAAUCUCAACAUGUUUUAAAUUUCCUUUCUCACAAAGGCUUUCUCGGUAUCAGCAG	-42.6	40.1709401709402	117	ZNF800,PPIG,ZNF622,GRWD1,LSM11,RBM5	.	.	0	0	0	0	0	0	0	0	0	0	0	0	0	0	0	0	0	0	0	0	0	0	0	0	0	0	0	7	0	0	0	0	4	0	1	0	0	0	0	0	0	0	1	0	0	0	0	0	0	0	0	0	0	0	0	0	0	0	0	0	0	0	7	5	1	0	0	.
1I_DDX5___ENSG00000108654___ENST00000583212___protein_coding___protein_coding	17	64504116	64504221	-	1I	DDX5	ENSG00000108654	ENST00000583212	protein_coding	protein_coding	.	.	.	0.1126	0.0469047619	0.06555238095	0.146647619	GUAAGUGCUACUUUUCAGUUCUACCUACCCGUGUUUUUGUUUCCACCUACCCCCUCUUUUUCUUGGCAUCACUAAUUUUUACUAAAUAUCUGUUACUAAUUAUAG	-2.9	35.2380952380952	105	ZNF800,SF3B4,EFTUD2,TIA1,XRN2	.	.	0	0	0	0	0	0	0	0	0	0	0	0	0	0	0	0	0	0	0	0	0	0	0	0	0	0	0	0	0	0	0	0	0	0	0	0	0	0	0	0	0	0	0	0	0	0	0	0	0	0	0	0	0	16	0	0	0	0	0	0	0	0	0	0	0	16	0	.
1I_EEF1D___ENSG00000104529___ENST00000530109___protein_coding___protein_coding	8	143579830	143580011	-	1I	EEF1D	ENSG00000104529	ENST00000530109	protein_coding	protein_coding	.	.	.	0.05302209945	0.07035359116	0.04959116022	0.06051933702	GUGAGUGAGCCGGCCGGGGAGAGGAGGGGAGAGGAGACUGGGGACCCUGGCCCAUACCCUGCACUCCACCCCACGGCAGUGGGGAGCGAGUCCCAGAGUGAACCCCACCUCAGAGGAGGCUCCUGGCUCCGAGUGGGCUGUAGGGGAACAGCCCUGACCGUCACCCUCCGCCUCUCCUCAG	-79.1	68.5082872928177	181	METAP2,ZNF800,YBX3,SF3B4,PABPC4,LARP4	.	.	0	0	0	0	0	0	0	0	0	0	0	0	3	0	0	0	0	0	0	0	0	0	0	0	0	0	0	0	0	0	0	0	0	0	0	0	0	0	2	0	0	1	0	0	0	0	0	0	0	0	0	0	0	0	0	0	0	0	0	0	3	0	0	0	3	0	0	.
1I_H2AFZ___ENSG00000164032___ENST00000296417___protein_coding___protein_coding	4	99948523	99948810	-	1I	H2AFZ	ENSG00000164032	ENST00000296417	protein_coding	protein_coding	.	.	.	0.07964808362	0.1323170732	0.1380766551	0.05058536585	GUAUGUUAACUUCUAACAUUUUAAAAAAUUUCUUCAGAGGAAGGAAUUUUUUGCUGCUUUUAAUUAGUUUUUCCAGGAGAGGAAAUUUAAGUAUAUUUUCAAUGAUGGAAGUAUGGUUGUAUCAUGAAAUUUGAUUUAUAUGUAUAACUCAAUGAAUUUUUACUUCAUACUUGAGCUGCAUGUUUUUAAAGAUACCUUUCAAGUUGAACAGUAUACACUUUCUUGGUUUCAAAUACUGUGAUUUUUUAAAAAAUCUUAAGUAGAAUUAAUUCCUGUCACUCUCCUAG	-57.6	27.1777003484321	287	GRWD1,ZNF800,RPS3,SF3B4	.	.	0	0	0	0	0	1	0	0	0	0	0	0	0	0	0	0	0	0	0	2	0	0	0	0	0	0	0	0	1	0	1	1	0	0	0	0	0	0	1	8	0	0	0	2	0	0	0	0	0	0	10	0	0	0	0	0	0	1	0	0	0	2	1	2	11	10	0	.
1I_HNRNPC___ENSG00000092199___ENST00000557157___protein_coding___protein_coding	14	21211306	21211405	-	1I	HNRNPC	ENSG00000092199	ENST00000557157	protein_coding	protein_coding	.	.	.	0.5317070707	0.8401919192	0.8128181818	0.8128787879	GUGAAAACCACGGGAAAGGAAAGAAAAAGGUGGUGGAGGGGGGCUCAGGGACACAUGGAGUGCCUCUAACUCCAUCCUGUUUGUGUCUGUUUCUCACAG	-31.2	51.5151515151515	99	GRWD1,UCHL5,PPIG,ZNF800,SRSF7,BCLAF1,SF3A3,EFTUD2,SF3B4,CDC40,BUD13,PRPF8,FXR2,PUM1,LIN28B,APOBEC3C,PABPC4,ZNF622	.	.	0	1	0	0	0	0	0	0	0	1	0	0	0	0	0	0	0	0	0	0	0	0	0	0	6	1	0	0	0	0	0	0	0	1	1	0	0	0	0	4	0	0	4	1	2	0	0	0	0	0	1	27	0	0	0	1	0	0	1	1	0	0	7	2	11	29	0	.
1I_HNRNPD___ENSG00000138668___ENST00000509263___protein_coding___protein_coding	4	82356683	82356795	-	1I	HNRNPD	ENSG00000138668	ENST00000509263	protein_coding	protein_coding	.	.	.	0.9986964286	0.9993214286	0.9992678571	0.9638839286	GUAAGCUAGAGCCUAAGUUUACUCUAUCUUAAGCUUUUCUGCUUUUUAAUUAUCCUGAAGUAAAGAUCUUUGCUGAUCUUCUGACUUUAGUGAACCUAUUAAUGUGCUGCAG	-23.5	34.8214285714286	112	ZNF800,BCLAF1,PRPF8,ZNF622,GRWD1	.	.	0	0	0	0	0	0	0	0	0	0	0	0	0	0	0	0	0	0	0	0	0	0	0	0	0	0	0	0	0	0	0	0	0	0	0	0	0	0	0	0	0	0	0	0	0	0	0	1	11	0	0	0	0	0	0	0	0	0	0	0	0	0	0	0	0	12	0	.
1I_HNRNPR___ENSG00000125944___ENST00000427764___protein_coding___protein_coding	1	23311066	23311200	-	1I	HNRNPR	ENSG00000125944	ENST00000427764	protein_coding	protein_coding	.	.	.	0.4336119403	0.4947164179	0.427641791	0.3677835821	GUGAGUCUACAUUUUAGUAGAUAUAUCUUUGGACAAGGAAUAACGUGAUAAUGGAGAUCAGAUUAAUAAAACAAAAUCAGAGUCUUGAAGCAAACUGAUUUGUUUUUUCUUUUCUCCCUUCUCUACUUUGCUAG	-25.1	32.089552238806	134	PUM1,ZNF800,ZNF622,AQR,TRA2A	.	.	0	0	0	0	0	0	0	0	0	0	0	0	0	0	0	0	0	0	0	0	0	0	0	0	0	0	0	0	0	0	0	0	0	0	0	0	0	0	0	0	0	0	0	0	0	0	0	16	1	0	0	0	0	0	3	0	0	0	0	0	0	0	0	0	0	20	0	.
1I_RPL6___ENSG00000089009___ENST00000548343___protein_coding___protein_coding	12	112408338	112408419	-	1I	RPL6	ENSG00000089009	ENST00000548343	protein_coding	protein_coding	.	.	.	0.08401234568	0.09838271605	0.1784814815	0.08339506173	GUAAGGGAAGAGGACCACGGACCAUUAUGUCUUAACCUUAAUUGGCAUUCUCUUACUGUUGAUGCAUUUGUGUCCUUGUAG	-16.2	41.9753086419753	81	EFTUD2,SF3B4,ZNF800,PRPF8,GRWD1,UCHL5	.	.	1	0	0	0	0	0	1	1	5	6	0	1	0	0	0	0	0	0	0	0	0	0	0	0	1	0	0	0	0	10	1	0	0	0	3	1	0	4	0	0	0	0	0	2	0	0	1	3	57	34	0	22	1	1	66	1	7	0	1	7	0	0	11	9	2	186	0	.
1I_RPS6___ENSG00000137154___ENST00000380384___protein_coding___protein_coding	9	19376388	19376493	-	1I	RPS6	ENSG00000137154	ENST00000380384	protein_coding	protein_coding	.	.	.	0.2983809524	0.118752381	0.1449428571	0.1002	GUUAGUCUAAGAUGAUUUGAGGGGGUGGGAGGAGUUCGACCUGGCUUUGGAUUUGCGUCUUUAACCCAGAAAGGCCUUAACUGUUUGCUGUUUUGUUUUGUUUAG	-20.5	43.8095238095238	105	RBM15,AQR,AGGF1,EFTUD2,SF3B4,PRPF8,TRA2A,ZNF800	.	.	0	0	0	0	0	0	0	0	0	0	0	0	0	0	0	0	0	0	0	0	0	0	0	0	0	0	0	0	0	0	0	0	0	0	0	0	0	0	0	0	0	0	0	0	0	0	0	0	0	20	0	0	0	1	0	0	0	0	0	0	0	0	0	0	0	21	0	.
1I_SAP18___ENSG00000150459___ENST00000382533___protein_coding___protein_coding	13	21140681	21140885	+	1I	SAP18	ENSG00000150459	ENST00000382533	protein_coding	protein_coding	.	.	.	0.07128431373	0.02125490196	0.02939705882	0.04782843137	GUGAAGGCCCCCUCCGCUUUGGGGUCCGGGAAGAGGUUGGGGAUGAGUCCCGCAGGGUGCAGAGGCGCGGCCUGUGUGCUGGAGGAGAUGGUGUUUUUGGUCUCGGGGAGGCUCGGAGGCCGCAACGCCUCGGGAAGAGAGAUGAGCUCCGGGUUCGCAGCUGGUGUUUUUAACUUCUGCCCUUCCGUUUUCUCUCUCCCUCAG	-82.2	62.2549019607843	204	DDX3X,UCHL5,PRPF8,EFTUD2,ZNF800	.	.	0	0	0	0	0	0	0	0	0	0	0	0	0	0	0	0	0	0	0	0	0	0	0	0	0	0	0	0	0	0	0	0	0	0	0	0	0	0	0	0	0	0	0	0	2	2	0	0	0	0	0	0	0	0	0	0	0	0	0	0	0	0	0	0	4	0	0	.
1I_TIMELESS___ENSG00000111602___ENST00000229201___protein_coding___protein_coding	12	56417786	56417906	-	1I	TIMELESS	ENSG00000111602	ENST00000229201	protein_coding	protein_coding	.	.	.	0.04950833333	0.107575	0.061	0.0388	GUAGGGAAUUUGAUGGGACCUUCUUUUUCUUCUCUAAUCCUGAAGACAAACUCUACCACGUCCUUACCCCUUAACAUAUUUAGAUAUUCUCUCUCUCUCUCACCCCCAUCGUUCCCACAG	-20.1	43.3333333333333	120	ZNF800	.	.	0	0	0	0	0	0	0	0	0	4	1	1	0	0	0	0	0	0	0	4	0	0	0	0	0	0	1	0	0	0	0	0	0	0	0	0	7	0	2	2	0	0	3	0	0	0	0	0	0	0	0	0	0	0	0	0	0	0	0	6	0	4	1	7	7	0	0	.
1I_UBTF___ENSG00000108312___ENST00000529373___protein_coding___protein_coding	17	44209541	44209644	-	1I	UBTF	ENSG00000108312	ENST00000529373	protein_coding	protein_coding	.	.	.	0.08681553398	0.1264368932	0.1104466019	0.09621359223	GUGAGCCUGGGGGUUGGAGUCUGCCCUGGAGGUCGGGGAGGGUCAGGGCUGGAUGGCUGCUUUGUUGGGGUCCUGACCCUCCUUCUACCAACCCACCUCCCAG	-49.4	65.0485436893204	103	PUM1,ZNF800	.	.	0	0	0	0	0	1	0	0	0	0	0	0	0	0	0	0	0	0	0	0	0	0	0	0	0	0	0	2	0	0	0	1	0	0	0	0	0	0	0	0	0	0	0	0	0	0	0	0	0	0	0	0	0	0	0	0	0	1	0	0	0	0	2	1	0	0	0	.
22I_CAST___ENSG00000153113___ENST00000338252___protein_coding___protein_coding	5	96757494	96757582	+	22I	CAST	ENSG00000153113	ENST00000338252	protein_coding	protein_coding	.	.	.	0.3148863636	0.3076931818	0.1889886364	0.161	GUAAGCAAACCAGUUUUCUCUGAGGAUAUCUUUUCCUUUUGGCCCUGAUUGCAAUGGUGUUUGUUGAUACAUUUCCUGGUUCUUGCAG	-17.3	40.9090909090909	88	ZNF800,FXR2,PUM1,ZNF622	.	.	0	0	0	0	0	0	0	0	0	0	0	0	0	0	0	0	0	0	0	0	0	0	0	0	0	0	0	0	0	0	0	0	0	0	0	0	0	0	0	0	0	0	0	0	0	0	0	0	0	0	29	0	0	1	0	0	0	0	0	0	0	0	0	0	0	30	0	.
26I_DNMT1___ENSG00000130816___ENST00000359526___protein_coding___protein_coding	19	10159922	10160017	-	26I	DNMT1	ENSG00000130816	ENST00000359526	protein_coding	protein_coding	.	.	.	0.006757894737	0.07408421053	0.03306315789	0.07641052632	GUAAACAUCUGCCGGGAAUAAAGCCGGUGGCGGCGCUCACGAGGCGGCUGGGAGCUGCUCUCUGAGUGCCAUCAUCUGUGUUCCUGCUCCCACAG	-42.1	61.0526315789474	95	FXR2,PUM1,ZNF800,SF3B4	.	.	0	0	0	0	0	0	0	1	0	0	0	0	0	0	0	0	0	0	0	0	3	0	0	0	0	0	0	0	0	0	0	0	2	0	0	0	0	0	1	0	0	0	0	0	0	0	0	0	0	0	0	0	0	0	0	0	1	0	0	0	0	3	0	2	1	0	0	.
29I_CHD2___ENSG00000173575___ENST00000626874___protein_coding___protein_coding	15	92997095	92997252	+	29I	CHD2	ENSG00000173575	ENST00000626874	protein_coding	protein_coding	.	.	.	0.2097388535	0.2067006369	0.3419745223	0.06321019108	GUGAGUAUAUUUUGUGUACAUGCUUAGAUGGUCGUACCGUAAGAAAAUAGAUUUGAAGUUAGACUUUGUGUAGUUCCAUAGUAUUUUUACUGUCUCUUCUUUAACAUACCAAAAAGGCCCCUCUUCUAAUGUCUUCCUGUUUUUAAACUUUCUUUAG	-21.8	33.1210191082803	157	ZNF800,GRWD1	.	.	0	0	0	0	0	0	0	0	0	0	0	0	0	0	0	0	0	0	0	0	0	0	0	0	0	0	0	0	0	0	0	0	0	0	0	0	0	0	0	0	0	0	0	0	0	0	0	15	0	0	0	0	0	0	1	0	0	0	0	0	0	0	0	0	0	16	0	.
2I_AC026464.4___ENSG00000260914___ENST00000570054___protein_coding___protein_coding	16	69316119	69316224	+	2I	AC026464.4	ENSG00000260914	ENST00000570054	protein_coding	protein_coding	.	.	.	0.1101142857	0.1051238095	0.1092666667	0.1029904762	GUGAGUCACACGAGGGGUCCUCAGGCUGCCGCACUCCAGAGGGGAGCGGAGGAGAGGGGGUGGCGCACGAGCCUCACAGGGGCCCCUCUGUGUUCCCUUUCACAG	-45.9	67.6190476190476	105	MTPAP,SF3B4,ZNF800	.	.	0	0	0	0	0	0	0	0	0	1	0	0	0	0	1	0	0	0	0	0	0	0	0	0	1	4	0	0	0	1	1	5	0	0	0	0	0	0	0	0	0	5	0	0	0	3	0	0	0	0	0	0	0	0	0	0	0	0	0	1	0	1	6	6	8	0	0	.
2I_BHLHE40___ENSG00000134107___ENST00000256495___protein_coding___protein_coding	3	4980031	4980300	+	2I	BHLHE40	ENSG00000134107	ENST00000256495	protein_coding	protein_coding	.	.	.	0.1978884758	0.2285576208	0.2639925651	0.08102973978	GUAAGCAAGUGCACCCCUAGGGACCCUGCGCUCAGCCCCUCGCGCGCGCUGAGUUUCCAAGAAAAGUUUUCUCGCUUUGAGGUUGGCGAGGGGAUGCAGGGUGUGGGCUCGGUGCCUCUUCUGAGUGACUUGGAAAAGAAAGGGCAGACGAUGGUUCUGGGUGCUACUCUGCUACUCUGCUCCUCUGCCGGACUGUUGCUGCGGGGCUGGGAGGAUAGGCUUCUCAUCUCCUUCCCCAAGCGCCCACCGCCUCCCCGUGCGUCUUGCAG	-103.8	60.5947955390335	269	EFTUD2,AQR,PRPF8,RBM15,BUD13,SF3B4,ZNF800	.	.	0	0	0	0	0	0	0	0	0	12	0	0	0	0	0	0	0	0	0	0	0	0	0	0	0	0	0	2	0	0	0	1	3	0	0	0	0	0	0	0	0	0	0	0	0	0	0	0	0	0	0	38	0	0	0	0	0	0	0	12	0	0	2	4	0	38	0	.
2I_BNIP3___ENSG00000176171___ENST00000368636___protein_coding___protein_coding	10	131970787	131970863	-	2I	BNIP3	ENSG00000176171	ENST00000368636	protein_coding	protein_coding	.	.	.	0.1044868421	0.08751315789	0.1251184211	0.1160921053	GUGAGUGUGUUCUCAGUGUCACGGGGGCACCCCUUGACAGAGGACACAUCAGCUGACACGUUUCUUCCCGCCUCAG	-29.8	57.8947368421053	76	ZNF800,GRWD1,BCLAF1,PUM1,UCHL5	.	.	0	0	0	0	0	0	0	0	0	0	0	0	0	0	0	0	0	0	0	0	0	0	0	0	0	0	0	0	0	0	0	0	0	0	0	0	0	0	0	0	0	0	0	0	0	0	0	0	0	1	0	0	0	16	0	0	0	0	0	0	0	0	0	0	0	17	0	.
2I_CHMP2A___ENSG00000130724___ENST00000600118___protein_coding___protein_coding	19	58551967	58552054	-	2I	CHMP2A	ENSG00000130724	ENST00000600118	protein_coding	protein_coding	.	.	.	0.1326321839	0.03765517241	0.1069770115	0.05236781609	GUAUGGGGAAACUGGAUGGGAGGGUGGAGAUGUUUGCCUGGCCCUCACGGAGUGCAUAGCCCUCACUGAGUUCUCUCUCUUCCCUAG	-25.6	56.3218390804598	87	BUD13,ZNF800,EFTUD2	.	.	0	0	0	0	0	0	0	1	0	0	0	0	0	0	0	0	0	0	2	0	1	0	0	1	0	0	0	0	0	0	1	6	1	0	0	0	0	0	0	0	0	0	0	0	0	0	0	0	0	1	0	17	0	1	0	1	1	0	0	0	0	3	1	8	0	20	0	.
2I_CNBP___ENSG00000169714___ENST00000441626___protein_coding___protein_coding	3	129171283	129171445	-	2I	CNBP	ENSG00000169714	ENST00000441626	protein_coding	protein_coding	.	.	.	0.4638148148	0.4104074074	0.4776296296	0.346462963	GUAAGUAUUUAACACUUCCUUUUCAUACCCCUCUAGAGCUUGGAGAGGUGAGCACAUGCAACUGUGUAUAGCAUUUCCACCUUUGAGGUUUUGUAUUGUAUAAUUUAAAACGUAACACUUUGUAAAGGUUUUAUAGUCUUGGCCUGUUUCUUUUCCUUAUUG	-24.2	35.8024691358025	162	AQR,ZNF800,KHSRP,LIN28B,RBM15	.	.	0	0	0	0	0	0	0	0	0	1	0	0	0	0	0	0	0	0	0	0	0	0	0	0	0	0	0	2	0	0	0	0	0	0	0	0	0	0	0	0	0	0	0	0	0	0	0	17	2	0	0	0	1	0	0	0	0	0	0	1	0	0	2	0	0	20	0	.
2I_CNBP___ENSG00000169714___ENST00000451728___protein_coding___protein_coding	3	129171280	129171445	-	2I	CNBP	ENSG00000169714	ENST00000451728	protein_coding	protein_coding	.	.	.	0.4735636364	0.4211272727	0.4871272727	0.3583454545	GUAAGUAUUUAACACUUCCUUUUCAUACCCCUCUAGAGCUUGGAGAGGUGAGCACAUGCAACUGUGUAUAGCAUUUCCACCUUUGAGGUUUUGUAUUGUAUAAUUUAAAACGUAACACUUUGUAAAGGUUUUAUAGUCUUGGCCUGUUUCUUUUCCUUAUUGUUG	-24.2	35.7575757575758	165	ZNF800,GRWD1,AQR,KHSRP,LIN28B,RBM15	.	.	0	0	0	0	0	0	0	0	0	1	0	0	0	0	0	0	0	0	0	0	0	0	0	0	0	0	0	2	0	0	0	0	0	0	0	0	0	0	0	0	0	0	0	0	0	0	0	17	2	0	0	0	1	0	0	0	0	0	0	1	0	0	2	0	0	20	0	.
2I_CNBP___ENSG00000169714___ENST00000504813___protein_coding___protein_coding	3	129171277	129171445	-	2I	CNBP	ENSG00000169714	ENST00000504813	protein_coding	protein_coding	.	.	.	0.4829642857	0.4314642857	0.4962857143	0.3698035714	GUAAGUAUUUAACACUUCCUUUUCAUACCCCUCUAGAGCUUGGAGAGGUGAGCACAUGCAACUGUGUAUAGCAUUUCCACCUUUGAGGUUUUGUAUUGUAUAAUUUAAAACGUAACACUUUGUAAAGGUUUUAUAGUCUUGGCCUGUUUCUUUUCCUUAUUGUUGAAG	-26.8	35.7142857142857	168	ZNF800,GRWD1,G3BP1,RPS3,YBX3,AQR,LIN28B,KHSRP,RBM15	.	.	0	0	0	0	0	0	0	0	0	0	0	0	0	0	0	0	0	0	0	0	0	0	0	0	0	0	0	0	0	0	0	0	0	0	0	0	0	0	0	0	0	0	0	0	0	0	0	17	2	0	0	0	1	0	0	0	0	0	0	0	0	0	0	0	0	20	0	.
2I_EEF1A1___ENSG00000156508___ENST00000316292___protein_coding___protein_coding	6	73518264	73518353	-	2I	EEF1A1	ENSG00000156508	ENST00000316292	protein_coding	protein_coding	.	.	.	0.117988764	0.08652808989	0.06206741573	0.05894382022	GUAACAAUUUAAAGUAACAUUAACUUAUUGCAGAGGCUAAAGUCAUUUGAGACUUUGGAUUUGCACUGAAUGCAAAUCUUUUUUCCAAG	-16.4	31.4606741573034	89	ZNF800,TROVE2	.	.	0	0	0	0	0	0	0	0	0	0	0	0	0	0	0	0	0	0	0	0	0	0	0	0	0	0	0	0	0	0	0	0	0	0	0	0	0	0	0	0	0	0	0	0	0	0	0	2	5	12	1	0	0	0	1	0	0	0	0	0	0	0	0	0	0	21	0	.
2I_GLUL___ENSG00000135821___ENST00000339526___protein_coding___protein_coding	1	182385556	182385759	-	2I	GLUL	ENSG00000135821	ENST00000339526	protein_coding	protein_coding	.	.	.	0.08237931034	0.04509359606	0.0625270936	0.059591133	GUAAGUAUAGCUCCAAUCCAUCAAUGAAGAAGGGUAGGUAGGUGUACAUAGGACUUUUGCUAGUAAGGGCUGCUGAUACACCACUCACUAACCCAAAACCUAAGAACGGGUUGGAGUACAGGUGAGAAGAGAACAGGUUUAGGAGAUUCUGAGUUGGAGUGAGCAGUUAGCUUUGUUUUAAUGGCCAAGCUUCUCGUUUCUAG	-50.1	43.8423645320197	203	GRWD1,ZNF800,AQR,RPS3,BCLAF1,GRSF1	.	.	0	0	0	0	0	0	0	0	0	0	0	0	0	0	0	0	0	0	0	0	0	0	0	0	2	0	0	0	0	0	0	1	0	0	0	0	0	0	0	0	0	0	0	0	0	0	0	0	0	0	0	0	0	0	0	0	0	0	0	0	0	0	2	1	0	0	0	.
2I_HMGB2___ENSG00000164104___ENST00000438704___protein_coding___protein_coding	4	173332995	173333068	-	2I	HMGB2	ENSG00000164104	ENST00000438704	protein_coding	protein_coding	.	.	.	0.2217260274	0.1367260274	0.1912191781	0.1432739726	GUAAGUUUAAAAUAACCCAAAUUGCUCCUUGGAUUUUUCCUUCAGUUUAUUAAACUCUGUUGCUUCCUUUCAG	-4.8	32.8767123287671	73	ZNF800,U2AF2	.	.	0	0	0	0	0	0	0	0	0	2	0	0	0	0	0	0	0	0	0	0	0	0	0	0	0	0	4	0	4	0	2	0	0	0	0	0	0	0	1	1	0	0	0	0	0	0	2	2	2	0	33	5	34	1	2	0	0	0	0	2	0	0	8	2	2	81	0	.
2I_HNRNPC___ENSG00000092199___ENST00000557157___protein_coding___protein_coding	14	21211566	21211809	-	2I	HNRNPC	ENSG00000092199	ENST00000557157	protein_coding	protein_coding	.	.	.	0.7306666667	0.3587201646	0.3703374486	0.4634567901	GUAAAUGGGUUUUCUGCUUGCCCUUGGUAUACAGUUGGGUUAGUUACAUAAGGCACUUGAAAGUACAUGUUGGAAUAGUGGAAUAUAAAGCAAUGUAAUAUGAAACUUGGGGAGUGUGAAUUGGGAAGGGUAUUUGUGUGGGAGGAUUUAGAUUUGUGCUGCAGUUCUGUGAUCCUUAGUGGGGAUUGUCUACGUCCUGUGGACAUUACUGCCCCUAGACAGACUUGUCCUUCUCAUCCGCAG	-65.2	43.2098765432099	243	ZNF800,UCHL5,TRA2A,AQR,ZNF622,CDC40,KHSRP,EFTUD2	.	.	15	0	0	0	0	0	1	1	0	5	1	1	0	0	0	0	0	2	0	0	0	0	0	0	1	0	2	4	0	0	0	0	0	0	0	0	0	0	0	0	0	0	0	0	1	2	0	0	0	0	0	0	0	0	0	0	2	0	15	7	0	2	7	0	3	0	0	.
2I_KPNA2___ENSG00000182481___ENST00000583269___protein_coding___lncRNA	17	68037207	68037329	+	2I	KPNA2	ENSG00000182481	ENST00000583269	protein_coding	lncRNA	.	.	.	0.2167622951	0.3243278689	0.1047622951	0.0542295082	GUGAGUACCUUCUGUUGCUUUCCUGUGGUGGUAUUUAAAUGGGAAGACAUUUGGAAAGGGGUGAAAACUGAGGUAUUUAAAAAAAAAAUGCCCUCACUUAGCAACAAAAACUGGUGUGAUAG	-24.4	38.5245901639344	122	ZNF800,EFTUD2	.	.	0	0	0	0	0	0	0	0	0	0	0	0	0	0	0	0	0	0	0	0	1	0	0	0	0	0	0	0	0	0	0	0	0	0	0	0	0	0	0	0	0	0	0	0	0	0	0	0	0	0	0	0	0	0	0	0	0	0	0	0	0	1	0	0	0	0	0	.
2I_NDUFB10___ENSG00000140990___ENST00000268668___protein_coding___protein_coding	16	1961291	1961496	+	2I	NDUFB10	ENSG00000140990	ENST00000268668	protein_coding	protein_coding	.	.	.	0.0386097561	0.0261902439	0.02518536585	0.04129756098	GUACGUGAGCCAUGCUGGGAGUGUGGAGAUCUGCACCGUGUGCUGCUGGGACACUAGUCCCUGGGAUGCCACAGGGUGGCAUGCCCAGAUUUUAGGGGUGACAUGGGAGGAGCCAGACCCCAGGGCUCUUGCUUUCAAUUGUUCUCACAGGGUACAGGAAAAGGAUUCCUUGUGAUUAGCCUCUCUUGCUCCUUUUCUCCACCAG	-76.6	55.1219512195122	205	ZNF800,AQR	.	.	0	0	0	0	0	0	0	0	0	0	0	0	0	0	0	0	0	0	0	0	0	0	0	0	0	0	0	0	0	0	0	0	0	0	0	0	0	0	0	0	0	0	0	0	1	4	0	0	0	0	0	0	0	0	0	0	0	0	0	0	0	0	0	0	5	0	0	.
2I_RPL38___ENSG00000172809___ENST00000439590___protein_coding___protein_coding	17	74203958	74204129	+	2I	RPL38	ENSG00000172809	ENST00000439590	protein_coding	protein_coding	.	.	.	0.07776023392	0.08035087719	0.04971345029	0.06001169591	GUGAGUACAGUCCCUGCCUGGCGCCUUCCCGGGGUGGGCUCGUGGGGCCCCGGGGCGAGGGCGAGAGAGCCUCCCAAGGAUCUCCUGAGGCCGGGAGAAGCUGGUGGACUGGGCCAUCGCCGGGAGACGUGUCUCUUUCCUCUCUGUUCACCCGCUUCCUUUGUGUUGCAG	-71.4	66.6666666666667	171	AQR,PABPC4,EFTUD2,BUD13,XRN2,PRPF8,RBM22,SF3B4,ZNF800	ALL_AGO|slc5086_chr17|48|5|5|1.00|COORDS=chr17+:69711808	.	0	0	0	0	0	0	0	1	0	2	0	0	0	0	0	0	0	0	0	0	0	0	0	0	2	0	0	3	4	2	0	0	0	0	5	0	1	1	1	6	12	0	2	4	6	10	64	2	3	2	2	45	2	2	23	14	1	0	0	2	0	0	11	7	41	159	0	.
2I_SAT1___ENSG00000130066___ENST00000379253___protein_coding___protein_coding	X	23783709	23783799	+	2I	SAT1	ENSG00000130066	ENST00000379253	protein_coding	protein_coding	.	.	.	0.0482	0.06473333333	0.07711111111	0.07953333333	GUAAUUCAACAGUGGCGGGACGGGGGACAAGCGUUCGGUGCCUGUCACCUUCGCCAAGGCCAUUACCGCCCCUGCUCCCCCUUCUUGCAG	-31.4	62.2222222222222	90	EFTUD2,SF3B4,BUD13,GPKOW,PRPF8,TRA2A,PPIG,ZNF800	.	.	0	0	0	0	0	0	0	0	0	0	1	0	0	0	0	0	0	0	0	0	0	0	0	0	0	0	0	0	1	0	0	0	3	0	0	0	0	0	0	0	0	0	2	0	0	0	0	0	0	0	0	0	0	0	0	0	0	0	0	1	0	0	1	3	2	0	0	.
2I_TXNIP___ENSG00000265972___ENST00000425134___protein_coding___protein_coding	1	145994167	145994280	-	2I	TXNIP	ENSG00000265972	ENST00000425134	protein_coding	protein_coding	.	.	.	0.1116814159	0.1225575221	0.1290088496	0.06784955752	GUGAGCCAGACCUAAUGUCUUUUCUUUGUUUCUGGUCUACCUGGGUUUGUAAAAUUGUGAUGGUCCAGCAUUUCUUGGGCAGGAUUCUUAUGUGGCCAUAUUUUCUUUUCUAG	-21.1	40.7079646017699	113	ZNF800,EFTUD2,AQR,GPKOW,BUD13,PRPF8,SF3B4,RBM22,KHSRP	.	.	0	0	0	0	0	0	0	0	0	0	0	0	0	0	0	0	0	0	0	0	0	0	9	0	3	0	0	0	0	2	1	2	0	0	0	0	0	0	0	0	0	0	0	0	0	0	8	4	38	23	0	0	41	0	47	2	0	0	0	0	0	0	14	3	0	163	0	.
34I_MACF1___ENSG00000127603___ENST00000567887___protein_coding___protein_coding	1	39324345	39324645	+	34I	MACF1	ENSG00000127603	ENST00000567887	protein_coding	protein_coding	.	.	.	0.10449	0.06037666667	0.1325433333	0.05670666667	GUGAGAAGAAGGUCCAUCUCUGUUUACCUGGGUAGAAUAAUAUGUGAUAAUACAUUAGGUGGAAUAGUAGAAGUCACAUGUGGGCCAUUCCAGAAGUGAUUGCUACCUGAGUAAAUGUUAAAGAAACUUAAGAAGCCAUCUUGUUUGUUCUUGUACCUUUUUAUCAGCUGUAGCUCAUUGGUGAUAAUAAUUUGACCUAAGCUGCAUAUUUUCUCUAGGAUUUAAAAAAAUAAUUUUAAAUAAUUUUUGACUCUUAAUUCUUGGGUUUUGAAGCUUUUUCUCUUUAUUUCUACCAUGUAG	-66.9	32.6666666666667	300	AQR,ZNF800,BCLAF1	.	.	0	0	0	0	0	0	0	0	0	0	0	0	0	0	0	0	0	0	0	0	0	0	0	0	0	0	0	0	0	0	0	0	0	0	0	0	0	0	0	0	0	0	0	0	0	0	1	0	0	0	0	0	28	0	2	0	0	0	0	0	0	0	0	0	0	31	0	.
36I_CHD4___ENSG00000111642___ENST00000642594___protein_coding___protein_coding	12	6601766	6601959	-	36I	CHD4	ENSG00000111642	ENST00000642594	protein_coding	protein_coding	.	.	.	0.1307253886	0.06997409326	0.08630051813	0.05684974093	GUGCCUGGACCUCCAUCCUCUUCUUUGUACUGUUAAACUUUUGUCUUUUUGUUUCCUAGACACCUUACUGCCCUUUAGAACACUUUCUCUUCUUUUCCUCUUAACUCUGUUACUCUGAUUUUUCCACACAAAUUUGCUUAGCAAGUGUGGGCACUAGGUGGCAGGUACUUACUUGACUUUGCUCUUUCUGCAG	-31.2	41.4507772020725	193	ZNF800	.	.	0	0	0	0	0	0	0	0	0	0	0	0	0	0	0	0	0	0	0	0	0	0	0	0	0	0	0	0	0	0	0	0	0	0	0	0	0	0	0	0	0	0	0	0	0	0	52	1	2	0	0	0	1	0	0	0	0	0	0	0	0	0	0	0	0	56	0	.
3I_ARL6IP4___ENSG00000182196___ENST00000315580___protein_coding___protein_coding	12	122981879	122981956	+	3I	ARL6IP4	ENSG00000182196	ENST00000315580	protein_coding	protein_coding	.	.	.	0.1663636364	0.09896103896	0.0925974026	0.08076623377	GUACUGUGCUGCCCAGCACCUGAGAGGGAGAAGGUCGCUUCCCAAGGCCUGGCCACCACCUCCGUCUUCCCUUCCAG	-24	63.6363636363636	77	ZNF800,PUM1,UCHL5,BUD13,PPIG,GRWD1	.	.	0	0	0	0	0	0	1	0	10	1	0	0	0	0	0	0	0	0	0	0	0	0	0	4	0	0	0	0	0	0	0	2	0	0	0	0	0	0	0	0	0	0	0	0	0	0	0	0	0	0	0	0	0	0	0	0	11	0	0	1	0	0	4	2	0	0	0	.
3I_CALM3___ENSG00000160014___ENST00000391918___protein_coding___protein_coding	19	46608340	46608481	+	3I	CALM3	ENSG00000160014	ENST00000391918	protein_coding	protein_coding	.	.	.	0.09090780142	0.04818439716	0.05422695035	0.06092907801	GUGAGCCCCACAGAGCGCGUGGGCAGCCCUGCUCCUGGUCACCCCGAGUGACUGCAGGGAGCCUCUCUCAGGGUGAUGGAUGAGCCCGUGUCUCUCAGGGCCCAGGCCAAGAGCAUUCUCCAUCCUUUCCCCACCUUCCAG	-51.6	64.5390070921986	141	G3BP1,ZNF800	.	.	0	0	0	0	0	0	0	0	0	1	0	0	0	0	0	0	0	0	0	0	0	0	0	9	0	0	0	0	0	8	0	0	0	0	0	0	0	4	0	3	0	0	0	0	0	0	0	0	0	0	0	0	0	0	0	0	0	0	0	1	0	0	17	4	3	0	0	.
3I_CHD3___ENSG00000170004___ENST00000380358___protein_coding___protein_coding	17	7890741	7890939	+	3I	CHD3	ENSG00000170004	ENST00000380358	protein_coding	protein_coding	.	.	.	0.09847979798	0.06348484848	0.09127777778	0.04401515152	GUGAGUAGAAUUAGGGAAUGAGAGUGAGAAAUCUGCAUUAAAGACGGGCAUGAGGAGGGGAGGAAUGGAGACUGGACUGGAGAAUGGGGCAAGAAGCAAGAAAGCCCAGGGAAGCUAGUGGGUAGGUAGACAGGCCUGUGUGCGGCCUGGAAUAGGGGCUGGAGGAGCACCUACUUCACCAAAGCCCCUCUCCCGCAG	-56.3	55.0505050505051	198	ZNF800,PUM1	.	.	0	0	0	0	0	0	0	0	0	1	0	0	0	0	0	0	0	0	0	0	0	1	0	0	0	0	0	0	12	1	0	0	0	0	0	0	0	0	0	0	0	0	0	0	0	0	0	0	0	0	0	0	0	0	0	0	0	0	0	1	0	1	13	0	0	0	0	.
3I_COPS5___ENSG00000121022___ENST00000517406___protein_coding___lncRNA	8	67062024	67062105	-	3I	COPS5	ENSG00000121022	ENST00000517406	protein_coding	lncRNA	.	.	.	0.2444444444	0.1194197531	0.1462222222	0.1067037037	GUAAGAGUUUGUUCCCGUGGUGCGGAGGGUCAAGGCCCACACCCGGAAACCUAGCGAGGUAAAGUUGCGUCUUGGUUGUAG	-20.8	55.5555555555556	81	ZNF800,UCHL5,RBM15,DDX3X	.	.	0	0	0	0	0	0	0	0	0	0	0	0	0	0	0	0	0	0	0	0	0	0	0	0	0	0	0	0	0	0	0	0	0	0	0	0	0	0	0	0	0	0	0	0	0	7	0	0	0	0	0	0	0	0	0	0	0	0	0	0	0	0	0	0	7	0	0	.
3I_DNAJC7___ENSG00000168259___ENST00000426588___protein_coding___protein_coding	17	41982007	41982254	-	3I	DNAJC7	ENSG00000168259	ENST00000426588	protein_coding	protein_coding	.	.	.	0.1080809717	0.05248178138	0.09453036437	0.03048582996	GUAGAGUAGGUGCGGGGAGUGGGCUCAGUGGGAAGAACCCGCAGGGCAGGCCAACUGCCACACUCAGUCCAGAGGGGACCCCUUGGAGAGGUCCUUCAGCUGAGAAUAAGGUGUUGCAGACUUGUGGACCCUCCAAAUUUUGGGAAGUGCCAAAUUCCAAAAUUAGACAGAAAGUAGUUUUUCUCUUAAACUUUGUUUUCUUGAAACUUUGAUUUCCACUGAGUUGUUCUUUUACUCCCCACUUUAG	-80	47.3684210526316	247	GRWD1,BCLAF1,ZNF622,UCHL5,PRPF8,TRA2A,ZNF800	.	.	0	2	0	0	0	0	2	0	0	1	0	0	0	0	1	0	0	0	0	0	0	1	0	2	1	0	6	0	6	0	0	0	1	0	0	0	4	0	1	4	0	0	1	2	6	0	0	0	0	0	0	1	0	0	0	16	2	0	2	1	0	2	15	5	14	17	0	.
3I_FTH1___ENSG00000167996___ENST00000529548___protein_coding___protein_coding	11	61967371	61967457	-	3I	FTH1	ENSG00000167996	ENST00000529548	protein_coding	protein_coding	.	.	.	0.9178139535	0.8037209302	0.768	0.7177674419	GCCGCCGCCGCCGCCUCUCCUUAGUCGCCGCCAUGACGACCGCGUCCACCUCGCAGGUGCGCCAGAACUACCACCAGGACUCAGAG	-16	69.7674418604651	86	IGF2BP3,IGF2BP1,PUM1,YBX3,ZNF800,SERBP1,IGF2BP2	.	.	1	0	4	0	0	0	0	0	6	0	0	0	0	0	0	0	0	0	0	0	0	0	0	0	0	0	0	0	0	0	0	0	0	0	0	0	0	0	0	0	0	0	0	0	0	0	0	0	0	8	0	0	0	0	0	1	6	0	5	0	0	0	0	0	0	9	0	.
3I_HDLBP___ENSG00000115677___ENST00000452931___protein_coding___protein_coding	2	241246883	241247055	-	3I	HDLBP	ENSG00000115677	ENST00000452931	protein_coding	protein_coding	.	.	.	0.09623837209	0.04916860465	0.0440755814	0.03658139535	GUGAUAACUUGUCCGCUGCAUCUUGCUUCUUCUUGCCUUGUCCUCUGUAGCCCUGCACCAUUUUGGUUUUAGACUAGGAGGGACUCUUCCUUACUUCUAGCCCUGUGCUCAACUGUGUCUCAACUCUGGGAGAGCUCUAGUCAGCUUCUCAUGGUGAUCUCUCUCCCUGUAG	-36.6	49.4186046511628	172	FXR2,SF3B4,ZNF800	.	.	0	0	0	0	0	1	0	0	0	1	0	0	0	0	0	0	0	0	0	0	0	0	0	0	8	0	0	0	0	0	0	0	0	0	0	0	0	0	0	0	0	1	4	0	0	7	0	0	0	0	0	0	10	0	1	0	0	1	0	1	0	0	8	0	12	11	0	.
3I_ILF3___ENSG00000129351___ENST00000449870___protein_coding___protein_coding	19	10671203	10671357	+	3I	ILF3	ENSG00000129351	ENST00000449870	protein_coding	protein_coding	.	.	.	0.1541493506	0.08215584416	0.135038961	0.05059090909	GUAAGUGAGGUUUUCCGUUGUCCUUUUCUUUUUUGUAGGGUAGCCAGGGUAGAGGUUGGCACCUGUUUUCUAAGAAACUCCAGCCUCUCUGGGGACCUCUGGGUUGUGGUCAGACUGAAUUCCUCACUGAGCUGGGUGUUGGUCUGUCCCUCAG	-47.1	50.6493506493507	154	DDX24,ZNF800,BCLAF1,AQR,ZNF622,UCHL5	.	.	0	0	0	0	0	0	1	0	0	1	0	0	9	5	0	0	0	0	0	0	0	0	0	0	2	0	0	0	0	0	0	0	3	0	1	0	0	0	6	1	2	0	0	4	0	3	60	0	1	0	0	0	2	0	6	0	1	0	0	1	14	0	2	4	16	69	0	.
3I_NRBP1___ENSG00000115216___ENST00000233557___protein_coding___protein_coding	2	27433483	27433672	+	3I	NRBP1	ENSG00000115216	ENST00000233557	protein_coding	protein_coding	.	.	.	0.09411640212	0.1103439153	0.1694708995	0.07423280423	GUAAGGUUAUGGUACAGUUACUCUUGGGUGAGUGAAUUCUGGAAAGGUGAGAACUGGAAGAGCAAAGUCUUAAAAGAGGCCAACCAAACUUCAAUAGGUUGGGGGCUAGGAGGAGAUGAUCAUAUGGAGUGUUAAAAUGGAGGAUUUGUGAGAUAAGUUUAAUUCUCUUUCAUAUGAAUUUCUUCUCAG	-44.1	39.1534391534392	189	UCHL5,TRA2A,PPIG,ZNF622,BCLAF1,ZNF800,FXR2	.	.	0	0	0	0	0	0	0	0	0	0	0	0	0	0	0	0	0	0	0	0	0	0	0	0	0	0	0	0	0	0	0	0	0	0	0	0	0	0	0	0	0	2	0	0	0	0	0	0	0	0	0	0	0	0	0	0	0	0	0	0	0	0	0	0	2	0	0	.
3I_PGGHG___ENSG00000142102___ENST00000409548___protein_coding___protein_coding	11	290600	290677	+	3I	PGGHG	ENSG00000142102	ENST00000409548	protein_coding	protein_coding	.	.	.	0.02228571429	0.1133766234	0.08133766234	0.1047532468	GUAAGGAGGGGGCUGGAUUUGCAGCCAGGGAGUCCAGGGAGGGAGCUCAUCCCUGAGGCAUGGCCACGCUCUCACAG	-29	63.6363636363636	77	PPIG,ZNF800,SRSF1,RBM15,DDX24	.	.	0	0	0	0	0	0	0	0	0	0	0	0	0	0	0	0	0	0	0	0	0	0	0	0	0	0	0	0	0	0	0	0	0	0	2	0	0	0	0	0	0	0	0	0	0	0	0	0	0	0	0	0	0	0	0	0	0	0	0	0	0	0	0	2	0	0	0	.
3I_RAN___ENSG00000132341___ENST00000543796___protein_coding___protein_coding	12	130872920	130873002	+	3I	RAN	ENSG00000132341	ENST00000543796	protein_coding	protein_coding	.	.	.	0.1100609756	0.08076829268	0.05714634146	0.1344512195	GUAUGUGCUGGAAAACCUUGCUUGUGGAAAUAUGUGAGAAAUGGGUAAGUUCAUCCACUCAAUCGCAUCGUUUCCGUUUCAG	-18.9	42.6829268292683	82	UCHL5,ZNF800,GRWD1,BCLAF1,CDC40,BUD13,SUB1	.	.	0	0	0	0	0	0	2	2	0	4	1	3	0	6	0	0	0	0	0	0	0	0	13	0	0	0	0	0	7	17	14	5	8	2	0	11	0	3	9	2	5	0	3	14	19	6	2	0	41	1	18	0	0	5	1	0	4	0	0	8	6	0	37	43	58	68	0	.
3I_RPL23___ENSG00000125691___ENST00000245857___protein_coding___protein_coding	17	38852732	38853021	-	3I	RPL23	ENSG00000125691	ENST00000245857	protein_coding	protein_coding	.	.	.	0.4469930796	0.3979134948	0.4094429066	0.3679411765	GUGAGGUCUUUGCACGUUGCUAUACUCCCCCUUUUAAAAGCACUCAAUGGGCCUGUGGCUAAUGACCUAUUGAGCCGUCAAGAAAGGGGAGAGUGAAAACAUCGCUUUUGGGUGAAGUGGCAACAUGUGUUGUUUGCUUCAAUCGGUGGUGUGACAAGGCGUUCUUGCGGACUAACUGCUUGGGCAGUGAGUGGAGGGAGGGGCUUUGGAAGUGUUUGGGAAAUGUUAUACUGAUGGAACGGCCUGAUGGCCCUCAACAUUUUUUAUUUUUAUUUACAUUCUUUUGUAG	-88.2	46.0207612456747	289	ZNF800,SF3B4,SMNDC1,DKC1,IGF2BP1,PABPC4,LSM11	.	.	0	0	0	0	0	0	0	0	0	0	0	0	0	0	0	0	0	0	0	0	0	0	0	0	0	0	0	0	0	0	0	0	0	0	0	0	0	0	0	0	0	0	0	0	0	0	0	0	0	0	0	3	0	8	0	0	0	0	0	0	0	0	0	0	0	11	0	SNORA21
3I_RPL8___ENSG00000161016___ENST00000533397___protein_coding___protein_coding	8	144791307	144791370	-	3I	RPL8	ENSG00000161016	ENST00000533397	protein_coding	protein_coding	.	.	.	0.9530952381	0.9589047619	0.8877301587	0.9512063492	GUUAUCUCCCACAACCCUGAGACCAAGAAGACCCGUGUGAAGCUGCCCUCCGGCUCCAAGAAG	-6.5	57.1428571428571	63	ZNF800,YBX3,METAP2,SERBP1	ALL_AGO|slc9422_chr8|55|2|6|0.33|COORDS=chr8-:145987546	.	0	0	0	0	0	0	0	0	0	0	0	0	0	0	0	0	0	0	0	0	0	0	0	0	0	0	0	0	0	0	0	0	0	0	0	0	0	0	0	0	0	0	0	0	0	0	0	0	0	0	0	0	0	0	0	0	0	0	0	0	0	0	0	0	0	0	1	.
3I_SAFB___ENSG00000160633___ENST00000292123___protein_coding___protein_coding	19	5641658	5641739	+	3I	SAFB	ENSG00000160633	ENST00000292123	protein_coding	protein_coding	.	.	.	0.09613580247	0.1291604938	0.1486419753	0.0790617284	GUAUGUGCAGCCUUGCGAGUGAGUAGCGUGGUGGAUGGACCAGUGGCGGUCACAUGAUGGUUCGGUCUGGUUGUGUCACAG	-21.9	56.7901234567901	81	TRA2A,BUD13,ZNF622,UCHL5,ZNF800,SF3B4,BCLAF1	.	.	0	0	0	0	0	0	0	0	0	0	0	0	0	0	0	0	0	0	0	0	0	0	0	0	0	0	0	0	0	0	0	0	0	0	0	0	0	0	0	0	0	0	1	1	0	0	1	43	3	0	0	0	1	0	5	0	0	0	0	0	0	0	0	0	2	53	0	.
3I_TIMM44___ENSG00000104980___ENST00000597926___protein_coding___protein_coding	19	7933570	7933863	-	3I	TIMM44	ENSG00000104980	ENST00000597926	protein_coding	protein_coding	.	.	.	0.05123549488	0.0283003413	0.0432116041	0.0358225256	GUAGGUACCAGCCCGUGGCCCUCGCUGCCCCCAUUUUGGGCAGCUUUCACUGCUGUCCAUUUCGGGAGCCCACCAAUGGUUCCCUCCUGAGUCCGUUUCUUGAGUUUGCCUUCUGCCCAAGGUUCCCGGCUCCCUCGAAUUUGAGGGUGAGAGGUGAGGGCGGGGUCCUCAGAGCCCCUAGGUUUGAGGUCUCAGCUGCCUGCUGUCCUGUACUGCCCCCUGCCUGCAGCCGCAGGAGGGCACAGGGUGGCCCUGGCGCCGCCGCUCACCCCAGGGCCCACCCUCUUCCCCAG	-126.2	64.8464163822526	293	UCHL5,AQR,SF3A3,SF3B4,EFTUD2,BUD13,GRWD1,ZNF622,PRPF8,ZNF800	.	.	0	0	0	0	0	0	0	0	0	0	0	0	0	6	0	0	0	2	0	0	0	0	0	0	0	0	0	0	0	0	0	7	0	0	0	0	0	0	3	0	0	0	0	0	0	0	0	0	0	0	0	0	0	0	0	0	0	0	0	0	6	2	0	7	3	0	0	.
3I_UBFD1___ENSG00000103353___ENST00000567264___protein_coding___protein_coding	16	23559676	23559778	+	3I	UBFD1	ENSG00000103353	ENST00000567264	protein_coding	protein_coding	.	.	.	0.4218921569	0.8022352941	0.7732254902	0.3693137255	GUGAGUCCAUCUUGUGCUUCUUGGUCUUGAGAAAUUUGAGGCUUUGUCCUCUUGAGCCGUGGCUGGUUAUAUUCUCCCUAGAAUAAGCUCCUUUUUGGACAG	-21.6	45.0980392156863	102	GRWD1,ZNF800,ZNF622	.	.	0	0	0	0	0	0	0	1	0	0	0	0	0	0	0	0	0	0	0	0	0	0	0	0	0	0	0	0	0	1	0	0	0	0	0	0	0	0	0	1	0	0	0	0	0	0	0	0	0	0	0	0	0	0	0	0	1	0	0	0	0	0	1	0	1	0	0	.
4I_ABCF1___ENSG00000204574___ENST00000326195___protein_coding___protein_coding	6	30578202	30578347	+	4I	ABCF1	ENSG00000204574	ENST00000326195	protein_coding	protein_coding	.	.	.	0.1968551724	0.07216551724	0.04575172414	0.05856551724	GUAAAUGACCUGAGGGGGAAUGGGUACCUGGAAUCCAUGAGUCAUGGAGAGUGAUACCUCAUACCCUGAUCUUCAAGUUGGAUUCAAUUGGGGGGCCAGACAUUGUAAUUCUUUCCUAUCUCAUGUUCUCCCCCUGUCAUUUCAG	-42.3	46.2068965517241	145	TRA2A,ZNF800,HLTF,PRPF8,AQR	.	.	2	1	0	0	0	0	5	0	0	7	2	0	0	0	2	0	0	0	1	0	0	0	0	2	0	0	5	2	0	0	6	0	3	0	0	1	4	4	0	3	0	0	0	2	0	4	0	0	4	0	0	0	0	0	1	0	5	0	3	9	0	3	9	18	9	5	0	.
4I_CALM3___ENSG00000160014___ENST00000391918___protein_coding___protein_coding	19	46608588	46608845	+	4I	CALM3	ENSG00000160014	ENST00000391918	protein_coding	protein_coding	.	.	.	0.05957976654	0.07017509728	0.05544747082	0.02936964981	GUAAGCAGCCCUCUCCAGGGGCGGCUCUGAGACUGACGCCAGCCUUCAGGCAGACAGGCGGAACUGGAGCCACGGAGCUACCACUUCCAGGAGGUCCGGGUCCCGGUGCCAGCCUCAUUGCCAACCUGCUCUGCCACCUCAGGCAGCCUCCCUCACUGUGCUCACUGCUGAGGGAUGGUGAUGACAGCCACCCCUCUCACUGCCUCUCUCCCCACCGGGAGAAGUGCCCAGUGAAAGGCUUUAUCCCCAACCCCCAG	-102.3	63.8132295719844	257	G3BP1,ZNF800,GRWD1	.	.	0	0	0	0	0	0	0	0	0	0	0	0	0	0	0	0	0	0	0	0	0	0	0	0	0	0	0	0	0	0	0	0	0	0	0	2	0	0	0	1	3	0	1	0	7	0	0	0	0	0	0	0	0	0	0	0	0	0	0	0	0	0	0	2	12	0	0	.
4I_FTH1___ENSG00000167996___ENST00000620041___protein_coding___protein_coding	11	61967453	61967547	-	4I	FTH1	ENSG00000167996	ENST00000620041	protein_coding	protein_coding	.	.	.	0.3679680851	0.299393617	0.3390744681	0.1272659574	GCCGCCCAUAGCCAGCCCUCCGUCACCUCUUCACCGCACCCUCGGACUGCCCCAAGGCCCCCGCCGCCGCUCCAGCGCCGCGCAGCCACCGCCG	-16.7	77.6595744680851	94	SERBP1,IGF2BP2,IGF2BP3,ZNF800,IGF2BP1,PUM1,PCBP2,PCBP1	.	.	0	0	0	0	0	0	0	0	0	1	0	0	0	0	0	0	0	0	0	0	0	0	0	0	0	0	0	0	0	0	0	0	0	0	0	7	0	0	0	0	0	0	0	0	0	0	0	0	0	0	0	0	0	0	0	0	0	0	0	1	0	0	0	7	0	0	0	.
4I_KIFC1___ENSG00000237649___ENST00000428849___protein_coding___protein_coding	6	33403367	33403484	+	4I	KIFC1	ENSG00000237649	ENST00000428849	protein_coding	protein_coding	.	.	.	0.04652136752	0.09968376068	0.1223333333	0.06386324786	GUAACUGUGCUCAAGAGCUGGGUCUGAGAAGGGAUUUGGGGUAUGUGUAAAGGGAGAAUGAUGGAGGUGGAGGGACACUGGUCCUGUAAUUCCUAAGUCACCUCCUCAAUUCUGUAG	-32.3	48.7179487179487	117	ZNF800,EFTUD2	.	.	1	0	0	0	0	0	0	0	0	2	0	0	0	0	0	0	0	0	0	0	0	0	0	0	0	0	0	0	0	0	0	2	0	0	0	0	0	0	4	0	1	0	0	0	0	0	0	0	0	0	0	0	0	0	0	0	0	0	1	2	0	0	0	2	5	0	0	.
4I_NPM1___ENSG00000181163___ENST00000517671___protein_coding___protein_coding	5	171391424	171391705	+	4I	NPM1	ENSG00000181163	ENST00000517671	protein_coding	protein_coding	.	.	.	0.0975088968	0.06199288256	0.07558007117	0.03656939502	GUAAGGGCACUUACAUACUUUGGAUGUUGUGUCAAGGUUUAAUUCUGUUUUAAGGUAGGUUUGGUGUCAUUUAGUUGUGCCAAGGAGAUAGAAAGUGGUUCUUUAUCUUCUGUCACUGGAGUUCGAUGGUCAACUCUUGAACAUGGGGGCUUCUGCUGCUACUUUUAUCAGAGGUGGAAAAACAGGUUCACUGGUUUGUUGAUUUGGCUUAUGUGUUUGCCUGUAAUGUUUAUUGUUCAUUUUCUUCACAUGUUUAGUGAUGAAAAAUUUCUCCCUUCUAG	-64.6	38.4341637010676	281	ZNF800,PRPF8,PUM2,EFTUD2,CDC40,FUS,KHSRP,AQR,TIA1,TAF15	.	.	0	0	0	0	0	0	0	0	0	1	0	0	0	0	0	0	0	0	0	0	0	0	0	0	0	5	0	0	0	0	0	0	0	0	0	0	0	0	3	0	0	0	0	0	0	0	0	0	0	0	12	18	0	60	0	13	0	0	0	1	0	0	5	0	3	103	0	.
4I_PFDN5___ENSG00000123349___ENST00000551018___protein_coding___protein_coding	12	53297924	53298044	+	4I	PFDN5	ENSG00000123349	ENST00000551018	protein_coding	protein_coding	.	.	.	0.2769833333	0.2529083333	0.1717583333	0.1570583333	GUGAGUGAGAGCAUGUGGAUGCCCCUCUAAACAGGGAAGGGAAAUUCAGGGGAAGCUCUAGAGCGCAGCAUGGCCAGAGGGAGUCUCCUUUUAGCCCCUUAUUCACCUCUGAUCUUGUAG	-37.9	52.5	120	PUM1,LIN28B,LARP4,ZNF800,PABPC4,EFTUD2	.	.	0	0	0	0	0	0	0	0	0	0	0	0	0	0	0	0	0	0	0	0	0	0	0	0	0	0	0	0	0	0	0	0	0	0	0	0	0	0	0	0	0	0	0	0	0	0	0	0	0	1	0	0	0	0	0	16	0	0	0	0	0	0	0	0	0	17	0	.
4I_PSME1___ENSG00000092010___ENST00000206451___protein_coding___protein_coding	14	24137431	24137519	+	4I	PSME1	ENSG00000092010	ENST00000206451	protein_coding	protein_coding	.	.	.	0.2449772727	0.5426136364	0.3368522727	0.2188522727	GCAAGCUGGGAAGACCUGGGAGAAGGGAUCCAACUAUGGGGGUAAUCAACCUUAGUCCUGACUCUCAUGAGCUCCUCUCUUUCUGCAG	-25.1	52.2727272727273	88	TRA2A,ZNF800,EFTUD2	.	.	0	0	0	0	0	0	0	0	0	0	0	0	0	0	0	0	0	0	0	0	0	0	0	0	0	0	0	0	0	0	0	0	0	0	0	0	3	0	0	0	0	0	0	0	0	0	0	0	0	0	0	0	0	0	0	0	0	0	0	0	0	0	0	3	0	0	0	.
4I_RPL27___ENSG00000131469___ENST00000589037___protein_coding___protein_coding	17	43002783	43002871	+	4I	RPL27	ENSG00000131469	ENST00000589037	protein_coding	protein_coding	.	.	.	0.1805568182	0.1223295455	0.2003977273	0.1035454545	GUAAGUAGGCUUUGGUAGUGAAUGGUGGAGUAUGGUUUCACUAUUUCCAUUCCUUUCCUCAUUGGUGUCCUCUUUUUUUCCCUUCUAG	-16.2	40.9090909090909	88	ZNF800,SUB1,LARP4,LIN28B,NOLC1,PABPC4	.	.	0	0	0	0	0	0	0	0	0	0	0	0	0	0	0	0	0	0	0	0	0	0	0	0	0	0	0	0	0	0	0	0	0	0	0	0	0	1	0	0	0	0	0	3	0	0	18	24	43	2	26	16	186	25	20	3	0	0	0	0	0	0	0	1	3	363	0	.
4I_RPS25___ENSG00000118181___ENST00000527673___protein_coding___protein_coding	11	119018053	119018281	-	4I	RPS25	ENSG00000118181	ENST00000527673	protein_coding	protein_coding	.	.	.	0.07139473684	0.05549122807	0.06634210526	0.06464912281	GUAAGCUUCAGGGGUGUGAAGUCGCCGGCGUUCUUGGGUUUGAGGACUCAGUGGGGAGAGCCUUCGGCGGGAGCGCUCCUUGGCCUGCCGGCCUCGGUUGCAGGGCGGGCGCGGUUAUUGCUUGGCCCAUGUGCUCUGGUGGUGGAGUUUGCGGGGGCUGAGGGCGCAGUAUUAGGGGACUUUGGCGCUAUUUGAGGACCUGGUUGCAUUCCCGCUGCCCUCCUACAG	-93	63.1578947368421	228	ZNF800,GEMIN5,DDX3X,PRPF8,EFTUD2,RBM22,AQR	.	.	0	0	0	0	0	0	0	0	0	1	0	0	0	0	0	0	0	0	0	0	0	0	0	4	0	0	0	0	0	0	0	0	0	0	0	0	0	0	0	0	0	0	0	0	0	0	0	0	0	0	0	0	0	0	0	0	0	0	0	1	0	0	4	0	0	0	0	.
4I_SLC39A7___ENSG00000112473___ENST00000444757___protein_coding___protein_coding	6	33202427	33202559	+	4I	SLC39A7	ENSG00000112473	ENST00000444757	protein_coding	protein_coding	.	.	.	0.2994393939	0.1381666667	0.1557045455	0.08860606061	GUGAGCCCAGGAACAACUUUCCUGAAAGCUGACUUGCCUGCCUCAGAAUCUCCUCAUCUUAUGGCCCUCAGGAGGGAGAGGACAUGUUGGAAGAUCUGUUCUCCACUCUGACCAACUCUUUUCUUCCCUCAG	-35.7	50.7575757575758	132	EFTUD2,SF3B4,ZNF800,BCLAF1	.	.	0	0	0	0	1	0	1	0	0	2	0	0	0	0	0	0	0	0	0	0	0	0	0	0	3	0	3	0	0	0	2	0	3	4	0	0	0	0	0	0	0	0	0	0	0	7	0	0	0	0	0	0	0	0	0	0	1	1	0	2	0	0	6	9	7	0	0	.
4I_SRSF6___ENSG00000124193___ENST00000244020___protein_coding___protein_coding	20	43460241	43460514	+	4I	SRSF6	ENSG00000124193	ENST00000244020	protein_coding	protein_coding	.	.	.	0.03724175824	0.03933333333	0.0316996337	0.02936263736	GUAACUUGUUGAAGGACACUGUGGGAAGGAAACAAUAUUUGCCAAUAAAAAGGGAGUAAUUGAGUGAUGUCAAUUGUUGCCUACUUGAAUUAAAGCCAGCUUUUAGUUUGUUUUGGCUGUGCAUCAUUGCGUUCUUUUCUGGAUGUUUUGAACAGUGUAUUUAAUUUCGUAGUAAAGAAAAACAUUAUUCUUUGGCUUAUCUAUUUUUGCCAGAUGGCACGGAUGUAUUUAAGUUGGAUUGGGAUUAAGACUUCAUUGUUUUUCUCCUAAUAG	-65.1	34.4322344322344	273	BCLAF1,PRPF8,AQR,KHSRP,BUD13,GRWD1,ZNF800	.	.	0	0	0	0	0	0	1	0	0	0	0	0	0	0	0	0	0	0	0	0	0	0	0	0	0	0	2	0	0	0	3	0	0	0	0	0	0	0	1	7	3	8	3	5	1	3	0	0	0	2	0	17	0	0	0	0	1	0	0	0	0	0	2	3	31	19	0	.
5I_CDC37___ENSG00000105401___ENST00000222005___protein_coding___protein_coding	19	10395343	10395434	-	5I	CDC37	ENSG00000105401	ENST00000222005	protein_coding	protein_coding	.	.	.	0.1092417582	0.08267032967	0.1034505495	0.08789010989	GUGAGUGGGGCUUGUGGGUUAUGGGGGGCAAGGUCGAGGCAGGCCCUUUGCCUCCAGGGCCCUCCAGCACCUUGCCAGCAUCUUCCCACAG	-41.4	64.8351648351648	91	GRWD1,ZNF622,BUD13,GEMIN5,UCHL5,GPKOW,SF3B4,EFTUD2,PRPF8,AQR,LSM11,PUM1,PPIG,ZNF800	.	.	0	0	0	0	0	0	0	0	0	0	0	0	0	0	0	0	0	0	0	0	0	0	0	0	0	0	0	0	0	0	0	0	0	6	4	0	0	0	0	0	0	0	0	0	0	0	0	0	0	0	0	0	0	0	0	0	0	0	0	0	0	0	0	10	0	0	0	.
5I_FBL___ENSG00000105202___ENST00000595545___protein_coding___protein_coding	19	39840327	39840413	-	5I	FBL	ENSG00000105202	ENST00000595545	protein_coding	protein_coding	.	.	.	0.119127907	0.1489186047	0.1804069767	0.1054069767	GUGAGUGAGGAAGGCAGGGAGCCGGCUGAGCUUCGGGGCAGGGAGAGGCUGGGGGUCCUCACCCCUGCUCUGAUCCCCUCACCCAG	-39.4	68.6046511627907	86	ZNF800,DDX24,EFTUD2,G3BP1,BUD13,PPIG	.	.	2	0	0	0	10	0	0	0	0	3	0	0	0	0	0	0	0	0	0	0	0	0	0	0	0	0	0	3	0	0	0	0	0	0	0	0	0	0	0	4	0	0	0	0	0	7	0	0	0	0	0	0	1	0	26	0	0	10	2	3	0	0	3	0	11	27	0	.
5I_IMPDH2___ENSG00000178035___ENST00000442157___protein_coding___protein_coding	3	49028532	49028757	-	5I	IMPDH2	ENSG00000178035	ENST00000442157	protein_coding	protein_coding	.	.	.	0.07648444444	0.08900888889	0.08125333333	0.04471555556	GUGAGUAUGAUCAGGAAUUGGGUCCUGAACAUCAAGGUGAGCUAAGGUGCUACUAUCACCUGGUCUCUGGGCUAACUCACCAGAUUGGGCUUGGGGGUGGAUUUUAUAGGAUCAUGUUGCUUGUUAGCAUGCAGGUCAUACAAAAGUGCCUUUUUGUGGGGGACUCAGUAACACCUUGAGGUGUAAGGGAUGCUUUCCCACACUGGUUGACGUUUGUCUCCUCAG	-71.3	48	225	IGF2BP3,ZNF800,PPIG,SF3A3,AQR	.	.	0	0	0	0	0	0	0	0	0	0	0	0	7	0	0	0	0	0	0	0	0	0	0	0	0	0	0	0	0	0	0	0	0	0	0	0	0	2	1	0	0	0	0	2	0	0	0	0	2	0	0	0	0	0	0	0	0	0	0	0	7	0	0	2	3	2	0	.
5I_NACA___ENSG00000196531___ENST00000550920___protein_coding___protein_coding	12	56714439	56714601	-	5I	NACA	ENSG00000196531	ENST00000550920	protein_coding	protein_coding	.	.	.	0.201462963	0.1155802469	0.1081296296	0.1441111111	GUGGGUAUUCUCUUACUAACUGGUAUUGGGUCAAAGAAGCAGGGUUGAUCAGGGCAACUUUUGUAUUUGGAACUGUGAACCUUCAUAAAGGAAAACCCACAAGGAGAUUGUGCUAUCCAGAUCUUAGAUUCUGGUUAACUAAUAGCUGUUUUAUCUUCUUAG	-40.8	38.8888888888889	162	ZNF800,SF3B4,KHSRP,YBX3,IGF2BP3,IGF2BP1	.	.	0	13	0	0	0	0	0	0	0	8	0	2	6	0	0	2	0	0	1	0	1	1	0	9	4	8	4	5	0	1	6	8	10	0	0	5	2	2	6	10	6	5	0	13	2	14	0	1	35	0	0	10	0	1	3	31	0	0	13	10	6	5	31	33	56	81	0	.
5I_NUDC___ENSG00000090273___ENST00000321265___protein_coding___protein_coding	1	26942776	26942870	+	5I	NUDC	ENSG00000090273	ENST00000321265	protein_coding	protein_coding	.	.	.	0.0460106383	0.1120957447	0.07524468085	0.1326914894	GUGAGUGUCAGGGACCAGAGGUAAAGCUUAGGGGGCCAGCCUGGGGUACCAGCAGCACUUAGUGGCCUCUUCUGACUGCCUCUGCCCUAUGCAG	-38.5	59.5744680851064	94	ZNF800,FMR1,PRPF8,BUD13	.	.	0	0	0	0	0	0	0	0	0	1	0	0	0	0	0	0	0	0	0	0	0	0	0	0	0	0	0	0	0	0	0	1	0	2	2	0	0	0	0	0	0	2	0	0	0	0	0	0	0	0	0	0	0	0	0	0	0	0	0	1	0	0	0	5	2	0	0	.
5I_PTMA___ENSG00000187514___ENST00000409321___protein_coding___protein_coding	2	231712516	231712803	+	5I	PTMA	ENSG00000187514	ENST00000409321	protein_coding	protein_coding	.	.	.	0.05744250871	0.03322996516	0.02756794425	0.055	GUGGGUUCUGGCUUGAGAAGAAGGGGGGUUUGGCAUCUGGGUCUCCCCACCUGCCUUUAGCUGAGGUGCUCAAGCUGCGGAGGGACUGUUUCUGACUUUGUAGGUGGCCACUGUGUGGUCCUGAAUCUUAAGAACAGGAAGGAAACAGGGCUGGGCUCAACUUCCCAGAGGCCUUGGGCUGUGGAGCUGGGGGUCCCUGGUUCUUGCUCUGCCAGCAGGAGCUGAGGCAGUGGGCUGGAUAGGGCUCCUGGGGUUGGAGGGGCCUUUGACAGUCUUUCUCUGCUUAG	-119.4	58.1881533101045	287	G3BP1,ZNF800,APOBEC3C,BCLAF1,FXR2,FTO,UCHL5,ZNF622,AQR,BUD13,PRPF8,RBM22,EFTUD2,SF3B4,RBM15	.	CID_005969	10	0	0	0	0	0	0	0	0	3	1	15	4	0	0	2	0	0	2	2	6	3	4	7	0	0	1	0	0	0	0	0	0	0	0	1	0	1	0	2	0	0	1	0	4	0	0	0	0	0	0	0	0	0	0	0	0	0	10	19	4	15	12	2	7	0	0	.
5I_RPL10A___ENSG00000198755___ENST00000322203___protein_coding___protein_coding	6	35470351	35470579	+	5I	RPL10A	ENSG00000198755	ENST00000322203	protein_coding	protein_coding	hsa-mirtron-1767	.	+	0.02292105263	0.02410964912	0.02258333333	0.0376622807	GUGAGUGGGUCUGGCGGGUUGCUAUGGGUGAAGGUGUUGGCAGGGUCUAAAUCUUAUCCAAGUCUCUAAAUAUGCCAGUAAGAGCACCCACCAGGAUUGAAACUUUUGGAGUAACCCUGGUCUUGGCCCGGGUCCAAGUACCUGCUCACCAGGCCACUGGGGGAGGAAGGACAGGCCAUCUGCUAUUCGUCCACCAACCUGACUUGAUCCUCUCUUCCCUCCUCCCAG	-75.8	54.3859649122807	228	ZNF800,AQR,PRPF8,EFTUD2,BUD13,SMNDC1,SF3B4,SF3A3	ALL_AGO|slc2517_chr6|60|3|60|0.05|COORDS=chr6+:35546272	CID_007955	0	0	0	0	0	0	0	0	0	1	0	0	0	1	0	0	0	0	0	0	0	0	0	0	0	2	0	0	0	0	0	0	1	1	0	0	0	0	6	1	5	2	0	3	3	1	0	0	0	0	0	0	0	0	0	0	0	0	0	1	1	0	2	2	21	0	0	.
5I_SSRP1___ENSG00000149136___ENST00000635721___protein_coding___protein_coding	11	57330138	57330290	-	5I	SSRP1	ENSG00000149136	ENST00000635721	protein_coding	protein_coding	.	.	.	0.1308223684	0.120875	0.1919078947	0.05651315789	GUGGGUUAGCCUCCGUGCUGAGCACGAGGAUGGUCAGACGCUCCUCGCUGUGGCCCGGGCUGGACUCACCCUUGGGCCAGAGCUGGGUGCCUGGGUGAGGUGGGGGGAUUUCCAUUGGGGCAGAAGCUGAUGCAUCCUGUGCCCUUUUUCAG	-64.6	63.1578947368421	152	ZNF800,PPIG	.	.	0	0	0	0	0	0	0	0	0	0	0	0	0	0	0	0	0	0	0	0	0	0	0	0	0	0	0	0	0	0	0	0	0	0	0	0	0	0	3	0	0	0	0	0	0	0	0	0	0	0	0	0	0	0	0	0	0	0	0	0	0	0	0	0	3	0	0	.
5I_TKT___ENSG00000163931___ENST00000423516___protein_coding___protein_coding	3	53229137	53229279	-	5I	TKT	ENSG00000163931	ENST00000423516	protein_coding	protein_coding	.	.	.	0.08657042254	0.08088028169	0.05836619718	0.07028873239	GUGAGUUUAGCCAGGGUGUUUACACCUGGAGCUCCCUUGACUUUUGCACCAGGAGGUAUGGGAGGGGGAUGGGCCAGGAUUCCAGCCCAUGGAUGGGGGGGUAGGGGUCUUAUUUCUGCAUAUCCUUUCCCCCACACCCCAG	-52.8	57.0422535211268	142	METAP2,AQR,ZNF800,G3BP1	.	.	0	0	0	0	0	0	0	0	0	0	0	0	0	0	0	0	0	0	0	0	0	0	0	0	0	0	0	0	0	0	0	0	0	0	0	0	0	0	0	0	1	0	0	0	0	0	0	0	0	0	0	0	0	0	0	0	0	0	0	0	0	0	0	0	1	0	0	.
6I_FAM50A___ENSG00000071859___ENST00000393600___protein_coding___protein_coding	X	154448756	154448892	+	6I	FAM50A	ENSG00000071859	ENST00000393600	protein_coding	protein_coding	.	.	.	0.1283235294	0.1124411765	0.05983823529	0.060375	GUGAGUGUUUGCGGAGUCAGACGCGAGGGGCCUGGGCCCAAGCCAGCUUCCCUGUCCACAGUCUCCUGGGUGGUGCGCUGAGCCCCAAGGCUGCUCUCAGUGGGGCUGGAGACCAAGAGGCAGCUCUGCCUUGUAG	-51.6	64.7058823529412	136	ZNF800,RBFOX2	.	.	0	0	0	0	0	0	0	0	0	0	0	0	0	0	0	0	0	0	0	0	0	0	0	0	0	0	0	0	0	0	0	0	0	0	0	0	0	0	0	0	0	0	0	0	0	1	0	0	0	0	0	0	0	0	0	0	0	0	0	0	0	0	0	0	1	0	0	.
6I_HNRNPM___ENSG00000099783___ENST00000348943___protein_coding___protein_coding	19	8465362	8465479	+	6I	HNRNPM	ENSG00000099783	ENST00000348943	protein_coding	protein_coding	.	.	.	0.999974359	0.9999401709	0.999965812	0.9904529915	GUGAUGGCUACGACUGGUGGGAUGGGUAUGGGACCAGGUGGCCCAGGAAUGAUUACUAUCCCACCCAGUAUCCUAAAUAAUCCCAACAUCCCAAAUGAGAUUAUCCAUGCAUUACAG	-33.8	47.8632478632479	117	AQR,TRA2A,PTBP1,ZNF800,UCHL5,SRSF7,ZNF622,FXR2,LIN28B,BCLAF1,GRWD1,BUD13	.	.	0	0	0	0	0	0	0	0	0	0	0	0	0	0	0	0	0	0	0	0	0	0	0	0	0	0	0	0	0	0	0	0	0	0	0	0	0	0	0	0	0	0	0	0	0	0	0	0	0	1	0	0	0	0	0	18	0	0	0	0	0	0	0	0	0	19	0	.
6I_LMNA___ENSG00000160789___ENST00000368301___protein_coding___protein_coding	1	156134528	156134804	+	6I	LMNA	ENSG00000160789	ENST00000368301	protein_coding	protein_coding	.	.	.	0.03723913043	0.01875	0.02227173913	0.05818478261	GUGGGGACUGUGCUUUGCAAGCCAGAGGGCUGGGGCUGGGUGAUGACAGACUUGGGCUGGGCUAGGGGGGACCAGCUGUGUGCAGAGCUCGCCUUCCUGAGUCCCUUGCCCUAGUGGACAGGGAGUUGGGGGUGGCCAGCACUCAGCUCCCAGGUUAAAGUGGGGCUGGUAGUGGCUCAUGGAGUAGGGCUGGGCAGGGAGCCCCGCCCCUGGGUCUUGGCCUCCCAGGAACUAAUUCUGAUUUUGGUUUCUGUGUCCUUCCUCCAACCCUUCCAG	-121.1	61.5942028985507	276	AQR,GRWD1,PRPF8,EFTUD2,XPO5,ZNF800,PUM1,ZNF622	.	.	0	0	0	0	0	0	0	0	0	0	0	0	8	0	0	0	0	0	0	0	0	0	0	2	0	0	0	0	0	0	0	0	0	0	0	1	0	0	0	0	0	0	0	0	0	0	0	0	0	0	0	0	0	0	0	0	0	0	0	0	8	0	2	1	0	0	0	.
6I_STIP1___ENSG00000168439___ENST00000358794___protein_coding___protein_coding	11	64197397	64197492	+	6I	STIP1	ENSG00000168439	ENST00000358794	protein_coding	protein_coding	.	.	.	0.1328631579	0.07691578947	0.08290526316	0.1228421053	GUGAGGCCCAGAAACAAGGGGCAAGGGAAUUGUUGGGUGUCUCUGAGGGAGGAAGCAAAGACUGACUGUUCCUUCUUAACCAUCCUGCCUGGCAG	-27.7	53.6842105263158	95	ZNF800,SF3B4	.	.	24	0	0	0	0	0	0	1	0	3	0	0	0	0	0	1	0	0	0	0	0	0	0	0	0	0	4	1	0	0	1	0	0	0	6	8	0	0	0	0	1	1	0	2	4	1	0	0	21	0	0	0	1	0	2	0	1	0	24	3	0	1	5	15	9	24	0	.
7I_GOLGA2___ENSG00000167110___ENST00000458730___protein_coding___protein_coding	9	128267997	128268116	-	7I	GOLGA2	ENSG00000167110	ENST00000458730	protein_coding	protein_coding	.	.	.	0.07874789916	0.2506302521	0.3774453782	0.1883529412	GUGAGUGUCUCCUGUUGGGGCAGCAGUCUCUAGGCUGAGAGAGUCAGGGAGGCCACUGCCCAUGACCUUCUUUCCCAUUGAGCCACCUGCACCCCUGACCCCUGUGUCUCCAUCCCUAG	-35.9	59.6638655462185	119	SF3B4,ZNF800	.	.	0	0	0	0	0	0	0	0	0	0	0	0	0	0	0	0	0	0	0	0	0	0	0	0	0	0	0	0	0	0	0	0	0	0	0	0	3	0	4	0	0	0	0	0	0	0	0	0	0	0	0	0	0	0	0	0	0	0	0	0	0	0	0	3	4	0	0	.
7I_NUDC___ENSG00000090273___ENST00000321265___protein_coding___protein_coding	1	26945473	26945567	+	7I	NUDC	ENSG00000090273	ENST00000321265	protein_coding	protein_coding	.	.	.	0.1944148936	0.1604148936	0.2373191489	0.1012446809	GUGAGCCCUGGCUGGUUGGGGGAGCUUCAGCAGGAAGGUGAGGGGCCUCGUUGUUUCCAGAGCUUCACCGAUUCCUGUCACUGCCUGCCCUCAG	-33	61.7021276595745	94	ZNF800	.	.	0	0	0	0	0	0	0	0	0	1	0	0	0	0	0	0	0	0	11	0	0	0	0	0	0	0	0	0	0	0	0	0	0	0	0	0	0	0	0	0	0	0	0	1	0	0	0	0	0	0	0	0	0	0	0	0	0	0	0	1	0	11	0	0	1	0	0	.
7I_SUPT5H___ENSG00000196235___ENST00000599117___protein_coding___protein_coding	19	39458887	39459004	+	7I	SUPT5H	ENSG00000196235	ENST00000599117	protein_coding	protein_coding	.	.	.	0.07423931624	0.1605982906	0.1855299145	0.07761538462	GUGGGCAAGGAAGGGAAACGUGGUGGGAUUGGCUCCUGUGGGGAGAUUUGGGAGUAGGUCAGCCCACCUGCUGUCCUCAACCUUCAAUUCGUGUUUGCUUCCCCACUCGUGCUCCAG	-36.4	57.2649572649573	117	SRSF1,ZNF622,PUM1,GRWD1,UCHL5,ZNF800,AQR,TRA2A	.	.	1	0	0	0	0	0	0	0	0	1	0	0	0	0	0	0	0	0	0	0	0	0	0	0	0	0	11	0	0	0	0	0	0	0	0	0	0	2	0	0	1	0	2	0	0	0	0	0	0	0	0	0	0	0	0	0	0	0	1	1	0	0	11	2	3	0	0	.
8I_HNRNPA2B1___ENSG00000122566___ENST00000618183___protein_coding___protein_coding	7	26197461	26197621	-	8I	HNRNPA2B1	ENSG00000122566	ENST00000618183	protein_coding	protein_coding	.	.	.	0.09585	0.0595375	0.07105625	0.0934	GUAUGUAAAUUACUGAAUUGUUACUGGAUAUUAGUCUUUUAGCUGUAUGUUAAGUGAAUCAUGGAGGAAAUAACUAUCAGCAUAGUAAAAAAUUCUAUUAUGACUUCACUUAUAAGCUAUAAUGAGAUUAAAUGCUAAAGUUUACCCUUUGGUUUGAAAG	-30	28.125	160	ZNF800,PPIG,AQR,ZNF622,BCLAF1,KHSRP,EFTUD2,PRPF8,GRWD1	.	.	0	0	0	0	0	0	0	0	0	0	0	0	0	0	0	0	0	0	0	0	0	0	0	0	0	0	0	0	0	0	0	0	0	0	0	0	0	0	0	0	0	0	0	0	0	0	0	0	0	0	12	0	0	0	0	0	0	0	0	0	0	0	0	0	0	12	0	.
8I_P3H1___ENSG00000117385___ENST00000296388___protein_coding___protein_coding	1	42754990	42755164	-	8I	P3H1	ENSG00000117385	ENST00000296388	protein_coding	protein_coding	.	.	.	0.2700689655	0.7031551724	0.7853448276	0.2605574713	GUGAGGACCUUGAAGAAACUGCAUGGUUGGAUCAGUCUGAUGAAGCACUUGAGGCUUCCUGAGCCCAGGCAGAUGUGAACUCCUGGCAAGGGGUGGGCAGGUCCAGUUUGGGAAGUCGGGGUGGAGCCCAGGGCUGGCCCUGGAAUGCAGUCCUCAGAGCGGCUGUGCUCAUAG	-67.7	58.6206896551724	174	PRPF8,GPKOW,BCLAF1,AQR,DDX24,ZC3H11A,EFTUD2,BUD13,UCHL5,SF3A3,ZNF622,PPIG,ZNF800,GRWD1	.	.	0	0	0	0	0	0	0	0	0	0	0	0	0	0	0	0	0	0	0	0	0	0	0	0	0	0	0	0	0	0	0	0	0	0	0	0	1	0	1	5	0	0	0	0	0	0	0	0	0	0	0	0	0	0	0	0	0	0	0	0	0	0	0	1	6	0	0	.
8I_SUPT5H___ENSG00000196235___ENST00000599117___protein_coding___protein_coding	19	39459073	39459183	+	8I	SUPT5H	ENSG00000196235	ENST00000599117	protein_coding	protein_coding	.	.	.	0.1474727273	0.1355727273	0.09933636364	0.1094090909	GUAAGGGCAUGGUGGGGGCAGGUGGGGGCAGGGAGCAGGUGGUCCCUAAGCGGGAAGGGGCGGGGAUCUGACAGAGCUUCACCCCUUCCUGACUGCCCUCCUCCCUUCAG	-54.9	66.3636363636364	110	PPIG,ZNF800,EFTUD2,SF3B4,DDX24,ZNF622	ALL_AGO|slc4302_chr19|41|16|35|0.46|COORDS=chr19+:44641543	.	0	0	0	0	0	0	0	0	0	0	0	0	0	0	0	0	0	0	0	1	0	0	0	0	0	0	0	0	0	0	0	0	0	0	0	0	0	0	0	0	0	0	0	0	0	0	0	0	0	0	0	0	0	0	0	0	0	0	0	0	0	1	0	0	0	0	0	.
9I_FTSJ3___ENSG00000108592___ENST00000427159___protein_coding___protein_coding	17	63823952	63824083	-	9I	FTSJ3	ENSG00000108592	ENST00000427159	protein_coding	protein_coding	.	.	.	0.1088854962	0.04777862595	0.04755725191	0.04592366412	GUGAAAGGAGCUGGGGUAGAGCUUGGAGUUCCCCAACGCAGGGACUGUGUGAAGAUGGGAGAAGAAAAUGCAAGGCAUGGAUAGAAACUUUGGAGCUGGGCCGGUUUUACUCCCUCAAUCCACCCCCUCAG	-37.9	53.4351145038168	131	ZNF800	.	.	0	0	0	0	0	0	0	0	0	0	1	0	2	0	0	0	0	0	0	0	0	0	0	0	0	0	4	0	0	0	0	0	0	0	0	0	0	0	0	2	1	0	1	0	2	0	0	0	0	0	0	0	0	0	0	0	0	0	0	1	2	0	4	0	6	0	0	.
9I_HNRNPA3___ENSG00000170144___ENST00000392524___protein_coding___protein_coding	2	177219159	177219246	+	9I	HNRNPA3	ENSG00000170144	ENST00000392524	protein_coding	protein_coding	.	.	.	0.1702298851	0.0763908046	0.07606896552	0.1161494253	GUAAGUACUUUCUUAAAUCAAUUCUUUAGAGCCUUUUUAAUUUAAAAAAUGUGCAUACUUCUUUUAAAAUACUAUGUAUAUUUUCAG	-8.5	21.8390804597701	87	ZNF800,DDX24,EFTUD2	.	.	0	0	0	0	0	0	0	0	0	0	0	0	0	0	0	0	0	0	0	0	0	0	0	0	0	0	0	0	0	0	0	0	0	0	0	0	0	0	0	0	0	0	0	0	0	0	0	0	0	0	0	0	22	0	0	0	0	0	0	0	0	0	0	0	0	22	0	.
9I_SRPRA___ENSG00000182934___ENST00000332118___protein_coding___protein_coding	11	126266629	126266762	-	9I	SRPRA	ENSG00000182934	ENST00000332118	protein_coding	protein_coding	.	.	.	0.118481203	0.03695488722	0.03678195489	0.1277819549	GUGAGCACUCUUUCUCCAGUACUCUCAAAAUACUGUUAUCUAGACACAAUGGGUGCAAGGGAGUUCUGGUCUCUGGCUCAUGUUUCCUUUCCUACUUCUCCACCAUAACUCUUUGUAUCAUAACCUGUUGCAG	-24	43.609022556391	133	PRPF8,ZNF800,G3BP1	.	.	0	0	0	0	0	0	0	0	0	0	0	0	0	0	0	0	0	0	0	0	0	0	0	0	0	0	0	0	0	0	0	0	0	0	0	0	0	0	0	0	0	0	0	0	0	0	0	0	0	0	4	0	0	0	0	0	0	0	0	0	0	0	0	0	0	4	0	.
